<?xml version="1.0" standalone="yes"?>  <DATAPACKET Version="2.0"><METADATA><FIELDS><FIELD attrname="ACCT_NBR" fieldtype="r8"/><FIELD attrname="SYMBOL" fieldtype="string" WIDTH="7"/><FIELD attrname="SHARES" fieldtype="r8"/><FIELD attrname="PUR_PRICE" fieldtype="r8"/><FIELD attrname="PUR_DATE" fieldtype="date"/></FIELDS><PARAMS LCID="1033"/></METADATA><ROWDATA><ROW ACCT_NBR="2094056" SYMBOL="VG" SHARES="10000" PUR_PRICE="11" PUR_DATE="19870913"/><ROW ACCT_NBR="2094056" SYMBOL="WC" SHARES="4500" PUR_PRICE="19" PUR_DATE="19881023"/><ROW ACCT_NBR="1209395" SYMBOL="HHOP" SHARES="2500" PUR_PRICE="59" PUR_DATE="19890303"/><ROW ACCT_NBR="2094056" SYMBOL="NMED" SHARES="4000" PUR_PRICE="12.75" PUR_DATE="19890901"/><ROW ACCT_NBR="2094056" SYMBOL="MCR" SHARES="12500" PUR_PRICE="28" PUR_DATE="19900201"/><ROW ACCT_NBR="1209395" SYMBOL="SMC" SHARES="1000" PUR_PRICE="21" PUR_DATE="19900310"/><ROW ACCT_NBR="1024034" SYMBOL="FSYS" SHARES="4500" PUR_PRICE="17" PUR_DATE="19900313"/><ROW ACCT_NBR="1024034" SYMBOL="SMC" SHARES="5000" PUR_PRICE="33.25" PUR_DATE="19920102"/><ROW ACCT_NBR="1209395" SYMBOL="NEIN" SHARES="2000" PUR_PRICE="43" PUR_DATE="19920204"/><ROW ACCT_NBR="3094095" SYMBOL="BMC" SHARES="4500" PUR_PRICE="36" PUR_DATE="19920210"/><ROW ACCT_NBR="1024034" SYMBOL="TELC" SHARES="7500" PUR_PRICE="26.25" PUR_DATE="19920305"/><ROW ACCT_NBR="3094095" SYMBOL="GHJ" SHARES="8400" PUR_PRICE="44" PUR_DATE="19920310"/><ROW ACCT_NBR="2094056" SYMBOL="PINC" SHARES="3700" PUR_PRICE="53" PUR_DATE="19920715"/><ROW ACCT_NBR="1209395" SYMBOL="HS" SHARES="4500" PUR_PRICE="10" PUR_DATE="19920901"/><ROW ACCT_NBR="2094056" SYMBOL="NAHC" SHARES="10500" PUR_PRICE="78.25" PUR_DATE="19920910"/><ROW ACCT_NBR="3094095" SYMBOL="PKC" SHARES="3000" PUR_PRICE="14" PUR_DATE="19930202"/><ROW ACCT_NBR="3094095" SYMBOL="CTT" SHARES="15000" PUR_PRICE="55.75" PUR_DATE="19930215"/><ROW ACCT_NBR="3094095" SYMBOL="WCR" SHARES="3500" PUR_PRICE="39.5" PUR_DATE="19930310"/><ROW ACCT_NBR="3094095" SYMBOL="HGT" SHARES="5000" PUR_PRICE="24" PUR_DATE="19930313"/><ROW ACCT_NBR="3094095" SYMBOL="WT" SHARES="1000" PUR_PRICE="14" PUR_DATE="19930412"/><ROW ACCT_NBR="3094095" SYMBOL="MS" SHARES="4000" PUR_PRICE="24" PUR_DATE="19930515"/><ROW ACCT_NBR="2094056" SYMBOL="IFT" SHARES="15500" PUR_PRICE="41" PUR_DATE="19930723"/><ROW ACCT_NBR="2094056" SYMBOL="ARTC" SHARES="3000" PUR_PRICE="36" PUR_DATE="19930823"/><ROW ACCT_NBR="3094095" SYMBOL="WM" SHARES="8200" PUR_PRICE="60.25" PUR_DATE="19930901"/><ROW ACCT_NBR="1209395" SYMBOL="HGJ" SHARES="1000" PUR_PRICE="43" PUR_DATE="19930915"/><ROW ACCT_NBR="3094095" SYMBOL="NNET" SHARES="5500" PUR_PRICE="28" PUR_DATE="19930929"/><ROW ACCT_NBR="1024034" SYMBOL="LN" SHARES="2000" PUR_PRICE="50" PUR_DATE="19931104"/><ROW ACCT_NBR="3094095" SYMBOL="HJT" SHARES="4800" PUR_PRICE="33.75" PUR_DATE="19931115"/><ROW ACCT_NBR="3094095" SYMBOL="IFT" SHARES="23000" PUR_PRICE="47.75" PUR_DATE="19940115"/><ROW ACCT_NBR="3094095" SYMBOL="PCS" SHARES="12000" PUR_PRICE="24.25" PUR_DATE="19940215"/><ROW ACCT_NBR="2094056" SYMBOL="SMC" SHARES="5000" PUR_PRICE="36" PUR_DATE="19890110"/><ROW ACCT_NBR="3094095" SYMBOL="SMC" SHARES="6000" PUR_PRICE="39" PUR_DATE="19890810"/><ROW ACCT_NBR="1023495" SYMBOL="VG" SHARES="2000" PUR_PRICE="20" PUR_DATE="19930402"/><ROW ACCT_NBR="1023495" SYMBOL="HGT" SHARES="1000" PUR_PRICE="30" PUR_DATE="19930120"/><ROW ACCT_NBR="1023495" SYMBOL="CIN" SHARES="1500" PUR_PRICE="38" PUR_DATE="19930909"/><ROW ACCT_NBR="1023495" SYMBOL="EMC" SHARES="500" PUR_PRICE="30" PUR_DATE="19900201"/></ROWDATA></DATAPACKET>