<?xml version="1.0" standalone="yes"?>  <DATAPACKET Version="2.0"><METADATA><FIELDS><FIELD attrname="OrderNo" fieldtype="r8"/><FIELD attrname="ItemNo" fieldtype="r8"/><FIELD attrname="PartNo" fieldtype="r8"/><FIELD attrname="Qty" fieldtype="i4"/><FIELD attrname="Discount" fieldtype="r8"/></FIELDS><PARAMS DEFAULT_ORDER="1 2" PRIMARY_KEY="1 2" LCID="1033"/></METADATA><ROWDATA><ROW OrderNo="1003" ItemNo="1" PartNo="1313" Qty="5" Discount="0"/><ROW OrderNo="1004" ItemNo="1" PartNo="1313" Qty="10" Discount="50"/><ROW OrderNo="1004" ItemNo="2" PartNo="12310" Qty="10" Discount="0"/><ROW OrderNo="1004" ItemNo="3" PartNo="3316" Qty="8" Discount="0"/><ROW OrderNo="1004" ItemNo="4" PartNo="5324" Qty="5" Discount="0"/><ROW OrderNo="1005" ItemNo="1" PartNo="1320" Qty="1" Discount="0"/><ROW OrderNo="1005" ItemNo="2" PartNo="2367" Qty="2" Discount="0"/><ROW OrderNo="1005" ItemNo="3" PartNo="11564" Qty="5" Discount="0"/><ROW OrderNo="1005" ItemNo="4" PartNo="7612" Qty="9" Discount="0"/><ROW OrderNo="1005" ItemNo="5" PartNo="1946" Qty="4" Discount="0"/><ROW OrderNo="1006" ItemNo="1" PartNo="900" Qty="10" Discount="0"/><ROW OrderNo="1006" ItemNo="2" PartNo="1313" Qty="10" Discount="0"/><ROW OrderNo="1006" ItemNo="3" PartNo="1390" Qty="2" Discount="0"/><ROW OrderNo="1006" ItemNo="4" PartNo="11564" Qty="2" Discount="0"/><ROW OrderNo="1006" ItemNo="5" PartNo="12301" Qty="1" Discount="0"/><ROW OrderNo="1007" ItemNo="1" PartNo="1316" Qty="10" Discount="0"/><ROW OrderNo="1007" ItemNo="2" PartNo="1946" Qty="10" Discount="0"/><ROW OrderNo="1008" ItemNo="1" PartNo="1313" Qty="1" Discount="0"/><ROW OrderNo="1008" ItemNo="2" PartNo="11635" Qty="10" Discount="0"/><ROW OrderNo="1009" ItemNo="1" PartNo="1320" Qty="7" Discount="0"/><ROW OrderNo="1009" ItemNo="2" PartNo="1328" Qty="4" Discount="0"/><ROW OrderNo="1009" ItemNo="3" PartNo="1364" Qty="6" Discount="0"/><ROW OrderNo="1009" ItemNo="4" PartNo="12306" Qty="3" Discount="0"/><ROW OrderNo="1010" ItemNo="1" PartNo="11238" Qty="2" Discount="0"/><ROW OrderNo="1011" ItemNo="1" PartNo="5386" Qty="20" Discount="0"/><ROW OrderNo="1011" ItemNo="2" PartNo="11652" Qty="3" Discount="0"/><ROW OrderNo="1012" ItemNo="1" PartNo="2350" Qty="5" Discount="0"/><ROW OrderNo="1012" ItemNo="2" PartNo="2367" Qty="3" Discount="0"/><ROW OrderNo="1012" ItemNo="3" PartNo="12306" Qty="14" Discount="0"/><ROW OrderNo="1013" ItemNo="1" PartNo="2341" Qty="6" Discount="0"/><ROW OrderNo="1013" ItemNo="2" PartNo="5378" Qty="25" Discount="0"/><ROW OrderNo="1014" ItemNo="1" PartNo="7612" Qty="3" Discount="0"/><ROW OrderNo="1015" ItemNo="1" PartNo="912" Qty="2" Discount="0"/><ROW OrderNo="1015" ItemNo="2" PartNo="1330" Qty="45" Discount="0"/><ROW OrderNo="1015" ItemNo="3" PartNo="2367" Qty="45" Discount="0"/><ROW OrderNo="1015" ItemNo="4" PartNo="7612" Qty="65" Discount="0"/><ROW OrderNo="1016" ItemNo="1" PartNo="1313" Qty="10" Discount="0"/><ROW OrderNo="1016" ItemNo="2" PartNo="2341" Qty="1" Discount="0"/><ROW OrderNo="1017" ItemNo="1" PartNo="1986" Qty="45" Discount="0"/><ROW OrderNo="1017" ItemNo="2" PartNo="2314" Qty="3" Discount="0"/><ROW OrderNo="1017" ItemNo="3" PartNo="2341" Qty="4" Discount="0"/><ROW OrderNo="1017" ItemNo="4" PartNo="2350" Qty="5" Discount="0"/><ROW OrderNo="1018" ItemNo="1" PartNo="1946" Qty="16" Discount="0"/><ROW OrderNo="1018" ItemNo="2" PartNo="2367" Qty="6" Discount="0"/><ROW OrderNo="1019" ItemNo="1" PartNo="2367" Qty="4" Discount="0"/><ROW OrderNo="1019" ItemNo="2" PartNo="7619" Qty="120" Discount="0"/><ROW OrderNo="1020" ItemNo="1" PartNo="900" Qty="4" Discount="0"/><ROW OrderNo="1020" ItemNo="2" PartNo="9354" Qty="5" Discount="0"/><ROW OrderNo="1021" ItemNo="1" PartNo="5313" Qty="7" Discount="0"/><ROW OrderNo="1021" ItemNo="2" PartNo="12303" Qty="1" Discount="0"/><ROW OrderNo="1021" ItemNo="3" PartNo="12317" Qty="3" Discount="0"/><ROW OrderNo="1022" ItemNo="1" PartNo="5318" Qty="7" Discount="0"/><ROW OrderNo="1022" ItemNo="2" PartNo="9312" Qty="54" Discount="0"/><ROW OrderNo="1023" ItemNo="1" PartNo="1313" Qty="5" Discount="0"/><ROW OrderNo="1023" ItemNo="2" PartNo="2383" Qty="4" Discount="0"/><ROW OrderNo="1023" ItemNo="3" PartNo="1330" Qty="10" Discount="0"/><ROW OrderNo="1024" ItemNo="1" PartNo="900" Qty="3" Discount="0"/><ROW OrderNo="1024" ItemNo="2" PartNo="2367" Qty="6" Discount="0"/><ROW OrderNo="1025" ItemNo="1" PartNo="1320" Qty="4" Discount="0"/><ROW OrderNo="1025" ItemNo="2" PartNo="5313" Qty="6" Discount="0"/><ROW OrderNo="1026" ItemNo="1" PartNo="1390" Qty="2" Discount="0"/><ROW OrderNo="1026" ItemNo="2" PartNo="3316" Qty="6" Discount="0"/><ROW OrderNo="1027" ItemNo="1" PartNo="900" Qty="8" Discount="0"/><ROW OrderNo="1027" ItemNo="2" PartNo="1390" Qty="45" Discount="0"/><ROW OrderNo="1028" ItemNo="1" PartNo="2350" Qty="4" Discount="0"/><ROW OrderNo="1028" ItemNo="2" PartNo="5318" Qty="4" Discount="0"/><ROW OrderNo="1029" ItemNo="1" PartNo="1328" Qty="46" Discount="0"/><ROW OrderNo="1029" ItemNo="2" PartNo="5313" Qty="8" Discount="0"/><ROW OrderNo="1030" ItemNo="1" PartNo="2619" Qty="4" Discount="0"/><ROW OrderNo="1030" ItemNo="2" PartNo="11635" Qty="4" Discount="0"/><ROW OrderNo="1031" ItemNo="1" PartNo="3326" Qty="3" Discount="0"/><ROW OrderNo="1031" ItemNo="2" PartNo="11221" Qty="5" Discount="0"/><ROW OrderNo="1032" ItemNo="1" PartNo="5349" Qty="7" Discount="0"/><ROW OrderNo="1032" ItemNo="2" PartNo="5386" Qty="4" Discount="0"/><ROW OrderNo="1033" ItemNo="1" PartNo="2613" Qty="6" Discount="0"/><ROW OrderNo="1033" ItemNo="2" PartNo="5313" Qty="4" Discount="0"/><ROW OrderNo="1034" ItemNo="1" PartNo="900" Qty="8" Discount="0"/><ROW OrderNo="1034" ItemNo="2" PartNo="2630" Qty="54" Discount="0"/><ROW OrderNo="1035" ItemNo="1" PartNo="5386" Qty="7" Discount="0"/><ROW OrderNo="1036" ItemNo="1" PartNo="2341" Qty="2" Discount="0"/><ROW OrderNo="1036" ItemNo="2" PartNo="2954" Qty="6" Discount="0"/><ROW OrderNo="1037" ItemNo="1" PartNo="3316" Qty="6" Discount="0"/><ROW OrderNo="1037" ItemNo="2" PartNo="9312" Qty="3" Discount="0"/><ROW OrderNo="1038" ItemNo="1" PartNo="1986" Qty="54" Discount="0"/><ROW OrderNo="1039" ItemNo="1" PartNo="1946" Qty="1" Discount="0"/><ROW OrderNo="1039" ItemNo="2" PartNo="5318" Qty="4" Discount="0"/><ROW OrderNo="1040" ItemNo="1" PartNo="2632" Qty="23" Discount="0"/><ROW OrderNo="1040" ItemNo="2" PartNo="5324" Qty="5" Discount="0"/><ROW OrderNo="1041" ItemNo="1" PartNo="2343" Qty="32" Discount="0"/><ROW OrderNo="1041" ItemNo="2" PartNo="5313" Qty="7" Discount="0"/><ROW OrderNo="1042" ItemNo="1" PartNo="2657" Qty="14" Discount="0"/><ROW OrderNo="1042" ItemNo="2" PartNo="11635" Qty="6" Discount="0"/><ROW OrderNo="1043" ItemNo="1" PartNo="900" Qty="4" Discount="0"/><ROW OrderNo="1043" ItemNo="2" PartNo="2341" Qty="35" Discount="0"/><ROW OrderNo="1044" ItemNo="1" PartNo="5313" Qty="2" Discount="0"/><ROW OrderNo="1044" ItemNo="2" PartNo="11518" Qty="32" Discount="0"/><ROW OrderNo="1045" ItemNo="1" PartNo="3386" Qty="2" Discount="0"/><ROW OrderNo="1045" ItemNo="2" PartNo="5318" Qty="4" Discount="0"/><ROW OrderNo="1046" ItemNo="1" PartNo="5313" Qty="7" Discount="0"/><ROW OrderNo="1046" ItemNo="2" PartNo="11635" Qty="4" Discount="0"/><ROW OrderNo="1047" ItemNo="1" PartNo="900" Qty="7" Discount="0"/><ROW OrderNo="1048" ItemNo="1" PartNo="3316" Qty="5" Discount="0"/><ROW OrderNo="1048" ItemNo="2" PartNo="12316" Qty="4" Discount="0"/><ROW OrderNo="1049" ItemNo="1" PartNo="2954" Qty="2" Discount="0"/><ROW OrderNo="1049" ItemNo="2" PartNo="7619" Qty="3" Discount="0"/><ROW OrderNo="1050" ItemNo="1" PartNo="3340" Qty="1" Discount="0"/><ROW OrderNo="1050" ItemNo="2" PartNo="5318" Qty="35" Discount="0"/><ROW OrderNo="1050" ItemNo="3" PartNo="5378" Qty="42" Discount="0"/><ROW OrderNo="1050" ItemNo="4" PartNo="11635" Qty="8" Discount="0"/><ROW OrderNo="1051" ItemNo="1" PartNo="5349" Qty="5" Discount="0"/><ROW OrderNo="1052" ItemNo="1" PartNo="5313" Qty="5" Discount="0"/><ROW OrderNo="1052" ItemNo="2" PartNo="11221" Qty="7" Discount="0"/><ROW OrderNo="1053" ItemNo="1" PartNo="5356" Qty="6" Discount="0"/><ROW OrderNo="1053" ItemNo="2" PartNo="5324" Qty="56" Discount="0"/><ROW OrderNo="1053" ItemNo="3" PartNo="11238" Qty="8" Discount="0"/><ROW OrderNo="1054" ItemNo="1" PartNo="11518" Qty="5" Discount="0"/><ROW OrderNo="1054" ItemNo="2" PartNo="12301" Qty="7" Discount="0"/><ROW OrderNo="1055" ItemNo="1" PartNo="2367" Qty="8" Discount="0"/><ROW OrderNo="1055" ItemNo="2" PartNo="2954" Qty="7" Discount="0"/><ROW OrderNo="1055" ItemNo="3" PartNo="12386" Qty="7" Discount="0"/><ROW OrderNo="1055" ItemNo="4" PartNo="13545" Qty="5" Discount="0"/><ROW OrderNo="1056" ItemNo="1" PartNo="5318" Qty="6" Discount="0"/><ROW OrderNo="1056" ItemNo="2" PartNo="11221" Qty="8" Discount="0"/><ROW OrderNo="1057" ItemNo="1" PartNo="3340" Qty="5" Discount="0"/><ROW OrderNo="1058" ItemNo="1" PartNo="5313" Qty="6" Discount="0"/><ROW OrderNo="1058" ItemNo="2" PartNo="11238" Qty="5" Discount="0"/><ROW OrderNo="1059" ItemNo="1" PartNo="3316" Qty="5" Discount="0"/><ROW OrderNo="1060" ItemNo="1" PartNo="5324" Qty="45" Discount="0"/><ROW OrderNo="1060" ItemNo="2" PartNo="5349" Qty="8" Discount="0"/><ROW OrderNo="1060" ItemNo="3" PartNo="11518" Qty="5" Discount="0"/><ROW OrderNo="1060" ItemNo="4" PartNo="12301" Qty="5" Discount="0"/><ROW OrderNo="1061" ItemNo="1" PartNo="2954" Qty="8" Discount="0"/><ROW OrderNo="1061" ItemNo="2" PartNo="3386" Qty="45" Discount="0"/><ROW OrderNo="1061" ItemNo="3" PartNo="11635" Qty="54" Discount="0"/><ROW OrderNo="1062" ItemNo="1" PartNo="2954" Qty="7" Discount="0"/><ROW OrderNo="1062" ItemNo="2" PartNo="13545" Qty="6" Discount="0"/><ROW OrderNo="1063" ItemNo="1" PartNo="5313" Qty="15" Discount="0"/><ROW OrderNo="1063" ItemNo="2" PartNo="5318" Qty="14" Discount="0"/><ROW OrderNo="1063" ItemNo="3" PartNo="11221" Qty="23" Discount="0"/><ROW OrderNo="1063" ItemNo="4" PartNo="12386" Qty="6" Discount="0"/><ROW OrderNo="1064" ItemNo="1" PartNo="3340" Qty="1" Discount="0"/><ROW OrderNo="1065" ItemNo="1" PartNo="5324" Qty="8" Discount="0"/><ROW OrderNo="1065" ItemNo="2" PartNo="11238" Qty="7" Discount="0"/><ROW OrderNo="1066" ItemNo="1" PartNo="2367" Qty="4" Discount="0"/><ROW OrderNo="1066" ItemNo="2" PartNo="3386" Qty="8" Discount="0"/><ROW OrderNo="1066" ItemNo="3" PartNo="12301" Qty="6" Discount="0"/><ROW OrderNo="1066" ItemNo="4" PartNo="13545" Qty="6" Discount="0"/><ROW OrderNo="1067" ItemNo="1" PartNo="12317" Qty="5" Discount="0"/><ROW OrderNo="1068" ItemNo="1" PartNo="2954" Qty="43" Discount="0"/><ROW OrderNo="1068" ItemNo="2" PartNo="12316" Qty="3" Discount="0"/><ROW OrderNo="1069" ItemNo="1" PartNo="3316" Qty="3" Discount="0"/><ROW OrderNo="1069" ItemNo="2" PartNo="5318" Qty="5" Discount="0"/><ROW OrderNo="1069" ItemNo="3" PartNo="5324" Qty="34" Discount="0"/><ROW OrderNo="1069" ItemNo="4" PartNo="5349" Qty="87" Discount="0"/><ROW OrderNo="1069" ItemNo="5" PartNo="11518" Qty="9" Discount="0"/><ROW OrderNo="1069" ItemNo="6" PartNo="11635" Qty="6" Discount="0"/><ROW OrderNo="1069" ItemNo="7" PartNo="12316" Qty="5" Discount="0"/><ROW OrderNo="1070" ItemNo="1" PartNo="3340" Qty="6" Discount="0"/><ROW OrderNo="1070" ItemNo="2" PartNo="11238" Qty="8" Discount="0"/><ROW OrderNo="1071" ItemNo="1" PartNo="3386" Qty="7" Discount="0"/><ROW OrderNo="1071" ItemNo="2" PartNo="12301" Qty="4" Discount="0"/><ROW OrderNo="1071" ItemNo="3" PartNo="13545" Qty="43" Discount="0"/><ROW OrderNo="1072" ItemNo="1" PartNo="12317" Qty="4" Discount="0"/><ROW OrderNo="1073" ItemNo="1" PartNo="2954" Qty="8" Discount="0"/><ROW OrderNo="1073" ItemNo="2" PartNo="11221" Qty="6" Discount="0"/><ROW OrderNo="1074" ItemNo="1" PartNo="12310" Qty="5" Discount="0"/><ROW OrderNo="1075" ItemNo="1" PartNo="5324" Qty="6" Discount="0"/><ROW OrderNo="1075" ItemNo="2" PartNo="5349" Qty="8" Discount="0"/><ROW OrderNo="1075" ItemNo="3" PartNo="12316" Qty="6" Discount="0"/><ROW OrderNo="1076" ItemNo="1" PartNo="11221" Qty="4" Discount="0"/><ROW OrderNo="1076" ItemNo="2" PartNo="11518" Qty="4" Discount="0"/><ROW OrderNo="1076" ItemNo="3" PartNo="1946" Qty="1" Discount="0"/><ROW OrderNo="1077" ItemNo="1" PartNo="2367" Qty="3" Discount="0"/><ROW OrderNo="1078" ItemNo="1" PartNo="2954" Qty="34" Discount="0"/><ROW OrderNo="1078" ItemNo="2" PartNo="3340" Qty="54" Discount="0"/><ROW OrderNo="1078" ItemNo="3" PartNo="3386" Qty="65" Discount="0"/><ROW OrderNo="1078" ItemNo="4" PartNo="11238" Qty="7" Discount="0"/><ROW OrderNo="1079" ItemNo="1" PartNo="11635" Qty="20" Discount="0"/><ROW OrderNo="1079" ItemNo="2" PartNo="1316" Qty="6" Discount="0"/><ROW OrderNo="1080" ItemNo="1" PartNo="3316" Qty="5" Discount="0"/><ROW OrderNo="1080" ItemNo="2" PartNo="12301" Qty="1" Discount="0"/><ROW OrderNo="1080" ItemNo="3" PartNo="13545" Qty="3" Discount="0"/><ROW OrderNo="1081" ItemNo="1" PartNo="12317" Qty="34" Discount="0"/><ROW OrderNo="1082" ItemNo="1" PartNo="2619" Qty="71" Discount="0"/><ROW OrderNo="1083" ItemNo="1" PartNo="2619" Qty="4" Discount="0"/><ROW OrderNo="1083" ItemNo="2" PartNo="2954" Qty="6" Discount="0"/><ROW OrderNo="1083" ItemNo="3" PartNo="3386" Qty="5" Discount="0"/><ROW OrderNo="1083" ItemNo="4" PartNo="5349" Qty="89" Discount="0"/><ROW OrderNo="1084" ItemNo="1" PartNo="3340" Qty="3" Discount="0"/><ROW OrderNo="1086" ItemNo="1" PartNo="2367" Qty="1" Discount="0"/><ROW OrderNo="1086" ItemNo="2" PartNo="11518" Qty="7" Discount="0"/><ROW OrderNo="1087" ItemNo="1" PartNo="2619" Qty="3" Discount="0"/><ROW OrderNo="1087" ItemNo="2" PartNo="5324" Qty="6" Discount="0"/><ROW OrderNo="1089" ItemNo="1" PartNo="2367" Qty="4" Discount="0"/><ROW OrderNo="1089" ItemNo="2" PartNo="11238" Qty="1" Discount="0"/><ROW OrderNo="1090" ItemNo="1" PartNo="3386" Qty="5" Discount="0"/><ROW OrderNo="1090" ItemNo="2" PartNo="11221" Qty="3" Discount="0"/><ROW OrderNo="1091" ItemNo="1" PartNo="2954" Qty="3" Discount="0"/><ROW OrderNo="1092" ItemNo="1" PartNo="3316" Qty="55" Discount="0"/><ROW OrderNo="1092" ItemNo="2" PartNo="3340" Qty="2" Discount="0"/><ROW OrderNo="1092" ItemNo="3" PartNo="5318" Qty="5" Discount="0"/><ROW OrderNo="1092" ItemNo="4" PartNo="12306" Qty="26" Discount="0"/><ROW OrderNo="1093" ItemNo="1" PartNo="11635" Qty="4" Discount="0"/><ROW OrderNo="1094" ItemNo="1" PartNo="2619" Qty="5" Discount="0"/><ROW OrderNo="1094" ItemNo="2" PartNo="5324" Qty="3" Discount="0"/><ROW OrderNo="1094" ItemNo="3" PartNo="5349" Qty="3" Discount="0"/><ROW OrderNo="1094" ItemNo="4" PartNo="11238" Qty="1" Discount="0"/><ROW OrderNo="1094" ItemNo="5" PartNo="12301" Qty="2" Discount="0"/><ROW OrderNo="1095" ItemNo="1" PartNo="2954" Qty="7" Discount="0"/><ROW OrderNo="1095" ItemNo="2" PartNo="5318" Qty="5" Discount="0"/><ROW OrderNo="1095" ItemNo="3" PartNo="12317" Qty="3" Discount="0"/><ROW OrderNo="1096" ItemNo="1" PartNo="3340" Qty="7" Discount="0"/><ROW OrderNo="1096" ItemNo="2" PartNo="3386" Qty="6" Discount="0"/><ROW OrderNo="1096" ItemNo="3" PartNo="11238" Qty="45" Discount="0"/><ROW OrderNo="1096" ItemNo="4" PartNo="13545" Qty="3" Discount="0"/><ROW OrderNo="1097" ItemNo="1" PartNo="11518" Qty="6" Discount="0"/><ROW OrderNo="1097" ItemNo="2" PartNo="11635" Qty="8" Discount="0"/><ROW OrderNo="1098" ItemNo="1" PartNo="5318" Qty="2" Discount="0"/><ROW OrderNo="1098" ItemNo="2" PartNo="5324" Qty="4" Discount="0"/><ROW OrderNo="1098" ItemNo="3" PartNo="5349" Qty="3" Discount="0"/><ROW OrderNo="1099" ItemNo="1" PartNo="2619" Qty="1" Discount="0"/><ROW OrderNo="1099" ItemNo="2" PartNo="3386" Qty="3" Discount="0"/><ROW OrderNo="1100" ItemNo="1" PartNo="2619" Qty="4" Discount="0"/><ROW OrderNo="1100" ItemNo="2" PartNo="2954" Qty="5" Discount="0"/><ROW OrderNo="1100" ItemNo="3" PartNo="3340" Qty="7" Discount="0"/><ROW OrderNo="1101" ItemNo="1" PartNo="1316" Qty="1" Discount="0"/><ROW OrderNo="1101" ItemNo="2" PartNo="1390" Qty="2" Discount="0"/><ROW OrderNo="1101" ItemNo="3" PartNo="2632" Qty="4" Discount="0"/><ROW OrderNo="1101" ItemNo="4" PartNo="2954" Qty="1" Discount="0"/><ROW OrderNo="1101" ItemNo="5" PartNo="5349" Qty="1" Discount="0"/><ROW OrderNo="1101" ItemNo="6" PartNo="7612" Qty="3" Discount="0"/><ROW OrderNo="1101" ItemNo="7" PartNo="11221" Qty="3" Discount="0"/><ROW OrderNo="1101" ItemNo="8" PartNo="12301" Qty="4" Discount="0"/><ROW OrderNo="1102" ItemNo="1" PartNo="1328" Qty="3" Discount="0"/><ROW OrderNo="1102" ItemNo="2" PartNo="2350" Qty="2" Discount="0"/><ROW OrderNo="1102" ItemNo="3" PartNo="9312" Qty="4" Discount="0"/><ROW OrderNo="1102" ItemNo="4" PartNo="9318" Qty="4" Discount="0"/><ROW OrderNo="1103" ItemNo="1" PartNo="1313" Qty="4" Discount="0"/><ROW OrderNo="1103" ItemNo="2" PartNo="1316" Qty="25" Discount="0"/><ROW OrderNo="1103" ItemNo="3" PartNo="1364" Qty="4" Discount="0"/><ROW OrderNo="1103" ItemNo="4" PartNo="1390" Qty="21" Discount="0"/><ROW OrderNo="1103" ItemNo="5" PartNo="2341" Qty="3" Discount="0"/><ROW OrderNo="1103" ItemNo="6" PartNo="2383" Qty="16" Discount="0"/><ROW OrderNo="1103" ItemNo="7" PartNo="2390" Qty="2" Discount="0"/><ROW OrderNo="1103" ItemNo="8" PartNo="2613" Qty="10" Discount="0"/><ROW OrderNo="1103" ItemNo="9" PartNo="3340" Qty="12" Discount="0"/><ROW OrderNo="1103" ItemNo="10" PartNo="3386" Qty="2" Discount="0"/><ROW OrderNo="1103" ItemNo="11" PartNo="5313" Qty="11" Discount="0"/><ROW OrderNo="1103" ItemNo="12" PartNo="5324" Qty="3" Discount="0"/><ROW OrderNo="1103" ItemNo="13" PartNo="5349" Qty="1" Discount="0"/><ROW OrderNo="1103" ItemNo="14" PartNo="5356" Qty="1" Discount="0"/><ROW OrderNo="1103" ItemNo="15" PartNo="5386" Qty="3" Discount="0"/><ROW OrderNo="1103" ItemNo="264" PartNo="7619" Qty="2" Discount="0"/><ROW OrderNo="1103" ItemNo="265" PartNo="7654" Qty="3" Discount="0"/><ROW OrderNo="1103" ItemNo="266" PartNo="9316" Qty="25" Discount="0"/><ROW OrderNo="1103" ItemNo="267" PartNo="11221" Qty="1" Discount="0"/><ROW OrderNo="1103" ItemNo="268" PartNo="11518" Qty="1" Discount="0"/><ROW OrderNo="1103" ItemNo="269" PartNo="11635" Qty="1" Discount="0"/><ROW OrderNo="1104" ItemNo="1" PartNo="1313" Qty="2" Discount="0"/><ROW OrderNo="1104" ItemNo="2" PartNo="1314" Qty="1" Discount="0"/><ROW OrderNo="1104" ItemNo="3" PartNo="1316" Qty="1" Discount="0"/><ROW OrderNo="1104" ItemNo="4" PartNo="1320" Qty="2" Discount="0"/><ROW OrderNo="1104" ItemNo="5" PartNo="1328" Qty="3" Discount="0"/><ROW OrderNo="1104" ItemNo="6" PartNo="1390" Qty="3" Discount="0"/><ROW OrderNo="1104" ItemNo="7" PartNo="1946" Qty="3" Discount="0"/><ROW OrderNo="1104" ItemNo="8" PartNo="1986" Qty="2" Discount="0"/><ROW OrderNo="1104" ItemNo="9" PartNo="2314" Qty="3" Discount="0"/><ROW OrderNo="1104" ItemNo="10" PartNo="2343" Qty="1" Discount="0"/><ROW OrderNo="1104" ItemNo="11" PartNo="2350" Qty="1" Discount="0"/><ROW OrderNo="1104" ItemNo="12" PartNo="2367" Qty="1" Discount="0"/><ROW OrderNo="1104" ItemNo="13" PartNo="2383" Qty="6" Discount="0"/><ROW OrderNo="1104" ItemNo="14" PartNo="2390" Qty="4" Discount="0"/><ROW OrderNo="1104" ItemNo="15" PartNo="2612" Qty="19" Discount="0"/><ROW OrderNo="1104" ItemNo="285" PartNo="2619" Qty="1" Discount="0"/><ROW OrderNo="1104" ItemNo="286" PartNo="2630" Qty="1" Discount="0"/><ROW OrderNo="1104" ItemNo="287" PartNo="2632" Qty="15" Discount="0"/><ROW OrderNo="1104" ItemNo="288" PartNo="2648" Qty="4" Discount="0"/><ROW OrderNo="1104" ItemNo="289" PartNo="2954" Qty="4" Discount="0"/><ROW OrderNo="1104" ItemNo="290" PartNo="3316" Qty="2" Discount="0"/><ROW OrderNo="1104" ItemNo="291" PartNo="3326" Qty="23" Discount="0"/><ROW OrderNo="1104" ItemNo="292" PartNo="3386" Qty="4" Discount="0"/><ROW OrderNo="1104" ItemNo="293" PartNo="5318" Qty="4" Discount="0"/><ROW OrderNo="1104" ItemNo="294" PartNo="5324" Qty="17" Discount="0"/><ROW OrderNo="1104" ItemNo="295" PartNo="5349" Qty="1" Discount="0"/><ROW OrderNo="1104" ItemNo="296" PartNo="5386" Qty="1" Discount="0"/><ROW OrderNo="1104" ItemNo="297" PartNo="7612" Qty="3" Discount="0"/><ROW OrderNo="1104" ItemNo="298" PartNo="7619" Qty="8" Discount="0"/><ROW OrderNo="1104" ItemNo="299" PartNo="7654" Qty="2" Discount="0"/><ROW OrderNo="1104" ItemNo="300" PartNo="9316" Qty="2" Discount="0"/><ROW OrderNo="1104" ItemNo="301" PartNo="9318" Qty="1" Discount="0"/><ROW OrderNo="1104" ItemNo="302" PartNo="11238" Qty="4" Discount="0"/><ROW OrderNo="1104" ItemNo="303" PartNo="11564" Qty="4" Discount="0"/><ROW OrderNo="1104" ItemNo="304" PartNo="12303" Qty="2" Discount="0"/><ROW OrderNo="1105" ItemNo="1" PartNo="1313" Qty="18" Discount="0"/><ROW OrderNo="1105" ItemNo="2" PartNo="1320" Qty="25" Discount="0"/><ROW OrderNo="1105" ItemNo="3" PartNo="2612" Qty="1" Discount="0"/><ROW OrderNo="1105" ItemNo="4" PartNo="3340" Qty="4" Discount="0"/><ROW OrderNo="1105" ItemNo="5" PartNo="3386" Qty="3" Discount="0"/><ROW OrderNo="1105" ItemNo="6" PartNo="11518" Qty="10" Discount="0"/><ROW OrderNo="1106" ItemNo="1" PartNo="1314" Qty="2" Discount="0"/><ROW OrderNo="1106" ItemNo="2" PartNo="1986" Qty="3" Discount="0"/><ROW OrderNo="1106" ItemNo="3" PartNo="2314" Qty="1" Discount="0"/><ROW OrderNo="1106" ItemNo="4" PartNo="2632" Qty="6" Discount="0"/><ROW OrderNo="1106" ItemNo="5" PartNo="2648" Qty="6" Discount="0"/><ROW OrderNo="1106" ItemNo="6" PartNo="7654" Qty="4" Discount="0"/><ROW OrderNo="1107" ItemNo="1" PartNo="1328" Qty="4" Discount="0"/><ROW OrderNo="1107" ItemNo="2" PartNo="1364" Qty="1" Discount="0"/><ROW OrderNo="1107" ItemNo="3" PartNo="1946" Qty="2" Discount="0"/><ROW OrderNo="1107" ItemNo="4" PartNo="2343" Qty="2" Discount="0"/><ROW OrderNo="1107" ItemNo="5" PartNo="2630" Qty="4" Discount="0"/><ROW OrderNo="1107" ItemNo="6" PartNo="5349" Qty="4" Discount="0"/><ROW OrderNo="1107" ItemNo="7" PartNo="11238" Qty="2" Discount="0"/><ROW OrderNo="1107" ItemNo="8" PartNo="11518" Qty="7" Discount="0"/><ROW OrderNo="1107" ItemNo="9" PartNo="12301" Qty="10" Discount="0"/><ROW OrderNo="1109" ItemNo="1" PartNo="5324" Qty="3" Discount="0"/><ROW OrderNo="1109" ItemNo="2" PartNo="5386" Qty="1" Discount="0"/><ROW OrderNo="1111" ItemNo="1" PartNo="1364" Qty="3" Discount="0"/><ROW OrderNo="1111" ItemNo="2" PartNo="2343" Qty="2" Discount="0"/><ROW OrderNo="1111" ItemNo="3" PartNo="3326" Qty="3" Discount="0"/><ROW OrderNo="1111" ItemNo="4" PartNo="5313" Qty="2" Discount="0"/><ROW OrderNo="1111" ItemNo="5" PartNo="5356" Qty="4" Discount="0"/><ROW OrderNo="1111" ItemNo="6" PartNo="7654" Qty="4" Discount="0"/><ROW OrderNo="1111" ItemNo="7" PartNo="11518" Qty="1" Discount="0"/><ROW OrderNo="1112" ItemNo="1" PartNo="1330" Qty="18" Discount="0"/><ROW OrderNo="1112" ItemNo="2" PartNo="2341" Qty="2" Discount="0"/><ROW OrderNo="1112" ItemNo="3" PartNo="3340" Qty="1" Discount="0"/><ROW OrderNo="1112" ItemNo="4" PartNo="5356" Qty="4" Discount="0"/><ROW OrderNo="1113" ItemNo="1" PartNo="2632" Qty="2" Discount="0"/><ROW OrderNo="1113" ItemNo="2" PartNo="2648" Qty="4" Discount="0"/><ROW OrderNo="1113" ItemNo="3" PartNo="5313" Qty="1" Discount="0"/><ROW OrderNo="1113" ItemNo="4" PartNo="5356" Qty="2" Discount="0"/><ROW OrderNo="1113" ItemNo="5" PartNo="11635" Qty="4" Discount="0"/><ROW OrderNo="1113" ItemNo="6" PartNo="11652" Qty="3" Discount="0"/><ROW OrderNo="1115" ItemNo="1" PartNo="2350" Qty="22" Discount="0"/><ROW OrderNo="1115" ItemNo="2" PartNo="3386" Qty="15" Discount="0"/><ROW OrderNo="1115" ItemNo="3" PartNo="5318" Qty="1" Discount="0"/><ROW OrderNo="1116" ItemNo="1" PartNo="900" Qty="2" Discount="0"/><ROW OrderNo="1116" ItemNo="2" PartNo="1313" Qty="4" Discount="0"/><ROW OrderNo="1116" ItemNo="3" PartNo="1320" Qty="2" Discount="0"/><ROW OrderNo="1116" ItemNo="4" PartNo="2343" Qty="3" Discount="0"/><ROW OrderNo="1116" ItemNo="5" PartNo="2632" Qty="4" Discount="0"/><ROW OrderNo="1116" ItemNo="6" PartNo="11221" Qty="3" Discount="0"/><ROW OrderNo="1116" ItemNo="7" PartNo="11238" Qty="3" Discount="0"/><ROW OrderNo="1116" ItemNo="8" PartNo="12303" Qty="2" Discount="0"/><ROW OrderNo="1117" ItemNo="1" PartNo="912" Qty="3" Discount="0"/><ROW OrderNo="1117" ItemNo="2" PartNo="2341" Qty="2" Discount="0"/><ROW OrderNo="1117" ItemNo="3" PartNo="5349" Qty="15" Discount="0"/><ROW OrderNo="1117" ItemNo="4" PartNo="7619" Qty="3" Discount="0"/><ROW OrderNo="1118" ItemNo="1" PartNo="1316" Qty="3" Discount="0"/><ROW OrderNo="1118" ItemNo="2" PartNo="2390" Qty="25" Discount="0"/><ROW OrderNo="1118" ItemNo="3" PartNo="3340" Qty="20" Discount="0"/><ROW OrderNo="1118" ItemNo="4" PartNo="5313" Qty="1" Discount="0"/><ROW OrderNo="1118" ItemNo="5" PartNo="5378" Qty="3" Discount="0"/><ROW OrderNo="1118" ItemNo="6" PartNo="9354" Qty="2" Discount="0"/><ROW OrderNo="1118" ItemNo="7" PartNo="12303" Qty="2" Discount="0"/><ROW OrderNo="1119" ItemNo="1" PartNo="2367" Qty="3" Discount="0"/><ROW OrderNo="1119" ItemNo="2" PartNo="2619" Qty="1" Discount="0"/><ROW OrderNo="1119" ItemNo="3" PartNo="2954" Qty="22" Discount="0"/><ROW OrderNo="1119" ItemNo="4" PartNo="5313" Qty="2" Discount="0"/><ROW OrderNo="1120" ItemNo="1" PartNo="2341" Qty="1" Discount="0"/><ROW OrderNo="1120" ItemNo="2" PartNo="3326" Qty="2" Discount="0"/><ROW OrderNo="1120" ItemNo="3" PartNo="7654" Qty="2" Discount="0"/><ROW OrderNo="1121" ItemNo="1" PartNo="1330" Qty="1" Discount="0"/><ROW OrderNo="1121" ItemNo="2" PartNo="3326" Qty="2" Discount="0"/><ROW OrderNo="1122" ItemNo="1" PartNo="1330" Qty="25" Discount="0"/><ROW OrderNo="1122" ItemNo="2" PartNo="2390" Qty="2" Discount="0"/><ROW OrderNo="1122" ItemNo="3" PartNo="3326" Qty="10" Discount="0"/><ROW OrderNo="1122" ItemNo="4" PartNo="11221" Qty="2" Discount="0"/><ROW OrderNo="1122" ItemNo="5" PartNo="11238" Qty="12" Discount="0"/><ROW OrderNo="1123" ItemNo="1" PartNo="1314" Qty="16" Discount="0"/><ROW OrderNo="1123" ItemNo="2" PartNo="1314" Qty="24" Discount="0"/><ROW OrderNo="1123" ItemNo="3" PartNo="1986" Qty="2" Discount="0"/><ROW OrderNo="1123" ItemNo="4" PartNo="2630" Qty="2" Discount="0"/><ROW OrderNo="1123" ItemNo="5" PartNo="5324" Qty="2" Discount="0"/><ROW OrderNo="1123" ItemNo="6" PartNo="5349" Qty="3" Discount="0"/><ROW OrderNo="1124" ItemNo="1" PartNo="900" Qty="8" Discount="0"/><ROW OrderNo="1124" ItemNo="2" PartNo="1364" Qty="4" Discount="0"/><ROW OrderNo="1124" ItemNo="3" PartNo="2390" Qty="4" Discount="0"/><ROW OrderNo="1124" ItemNo="4" PartNo="2632" Qty="20" Discount="0"/><ROW OrderNo="1124" ItemNo="5" PartNo="3386" Qty="2" Discount="0"/><ROW OrderNo="1124" ItemNo="6" PartNo="9312" Qty="4" Discount="0"/><ROW OrderNo="1124" ItemNo="7" PartNo="11238" Qty="1" Discount="0"/><ROW OrderNo="1124" ItemNo="8" PartNo="11518" Qty="3" Discount="0"/><ROW OrderNo="1125" ItemNo="1" PartNo="900" Qty="1" Discount="0"/><ROW OrderNo="1125" ItemNo="2" PartNo="1986" Qty="2" Discount="0"/><ROW OrderNo="1125" ItemNo="3" PartNo="2341" Qty="9" Discount="0"/><ROW OrderNo="1125" ItemNo="4" PartNo="5313" Qty="4" Discount="0"/><ROW OrderNo="1125" ItemNo="5" PartNo="5318" Qty="4" Discount="0"/><ROW OrderNo="1125" ItemNo="6" PartNo="5356" Qty="4" Discount="0"/><ROW OrderNo="1125" ItemNo="7" PartNo="12301" Qty="4" Discount="0"/><ROW OrderNo="1126" ItemNo="1" PartNo="5378" Qty="3" Discount="0"/><ROW OrderNo="1126" ItemNo="2" PartNo="11564" Qty="3" Discount="0"/><ROW OrderNo="1127" ItemNo="1" PartNo="1330" Qty="4" Discount="0"/><ROW OrderNo="1127" ItemNo="2" PartNo="3340" Qty="2" Discount="0"/><ROW OrderNo="1127" ItemNo="3" PartNo="5313" Qty="3" Discount="0"/><ROW OrderNo="1127" ItemNo="4" PartNo="11221" Qty="9" Discount="0"/><ROW OrderNo="1127" ItemNo="5" PartNo="12301" Qty="3" Discount="0"/><ROW OrderNo="1128" ItemNo="1" PartNo="1328" Qty="4" Discount="0"/><ROW OrderNo="1128" ItemNo="2" PartNo="2343" Qty="1" Discount="0"/><ROW OrderNo="1128" ItemNo="3" PartNo="3326" Qty="4" Discount="0"/><ROW OrderNo="1128" ItemNo="4" PartNo="5356" Qty="1" Discount="0"/><ROW OrderNo="1128" ItemNo="5" PartNo="5386" Qty="13" Discount="0"/><ROW OrderNo="1128" ItemNo="6" PartNo="9312" Qty="9" Discount="0"/><ROW OrderNo="1128" ItemNo="7" PartNo="11238" Qty="1" Discount="0"/><ROW OrderNo="1129" ItemNo="1" PartNo="7619" Qty="4" Discount="0"/><ROW OrderNo="1129" ItemNo="2" PartNo="9316" Qty="1" Discount="0"/><ROW OrderNo="1130" ItemNo="1" PartNo="2390" Qty="15" Discount="0"/><ROW OrderNo="1131" ItemNo="1" PartNo="900" Qty="4" Discount="0"/><ROW OrderNo="1131" ItemNo="2" PartNo="1986" Qty="3" Discount="0"/><ROW OrderNo="1131" ItemNo="3" PartNo="2350" Qty="2" Discount="0"/><ROW OrderNo="1131" ItemNo="4" PartNo="2632" Qty="2" Discount="0"/><ROW OrderNo="1131" ItemNo="5" PartNo="3386" Qty="3" Discount="0"/><ROW OrderNo="1131" ItemNo="6" PartNo="5356" Qty="3" Discount="0"/><ROW OrderNo="1131" ItemNo="7" PartNo="5378" Qty="4" Discount="0"/><ROW OrderNo="1131" ItemNo="8" PartNo="7654" Qty="16" Discount="0"/><ROW OrderNo="1132" ItemNo="1" PartNo="2648" Qty="4" Discount="0"/><ROW OrderNo="1132" ItemNo="2" PartNo="3316" Qty="1" Discount="0"/><ROW OrderNo="1133" ItemNo="1" PartNo="1328" Qty="3" Discount="0"/><ROW OrderNo="1133" ItemNo="2" PartNo="1390" Qty="3" Discount="0"/><ROW OrderNo="1133" ItemNo="3" PartNo="2314" Qty="1" Discount="0"/><ROW OrderNo="1133" ItemNo="4" PartNo="5324" Qty="4" Discount="0"/><ROW OrderNo="1133" ItemNo="5" PartNo="5349" Qty="1" Discount="0"/><ROW OrderNo="1134" ItemNo="1" PartNo="1320" Qty="23" Discount="0"/><ROW OrderNo="1134" ItemNo="2" PartNo="2648" Qty="1" Discount="0"/><ROW OrderNo="1134" ItemNo="3" PartNo="2657" Qty="3" Discount="0"/><ROW OrderNo="1134" ItemNo="4" PartNo="5386" Qty="4" Discount="0"/><ROW OrderNo="1134" ItemNo="5" PartNo="7612" Qty="1" Discount="0"/><ROW OrderNo="1134" ItemNo="6" PartNo="12303" Qty="3" Discount="0"/><ROW OrderNo="1136" ItemNo="1" PartNo="1320" Qty="1" Discount="0"/><ROW OrderNo="1136" ItemNo="2" PartNo="1986" Qty="1" Discount="0"/><ROW OrderNo="1136" ItemNo="3" PartNo="2314" Qty="1" Discount="0"/><ROW OrderNo="1136" ItemNo="4" PartNo="2657" Qty="4" Discount="0"/><ROW OrderNo="1136" ItemNo="5" PartNo="3316" Qty="4" Discount="0"/><ROW OrderNo="1136" ItemNo="6" PartNo="5356" Qty="1" Discount="0"/><ROW OrderNo="1136" ItemNo="7" PartNo="5378" Qty="4" Discount="0"/><ROW OrderNo="1136" ItemNo="8" PartNo="5386" Qty="1" Discount="0"/><ROW OrderNo="1137" ItemNo="1" PartNo="1330" Qty="17" Discount="0"/><ROW OrderNo="1137" ItemNo="2" PartNo="2954" Qty="1" Discount="0"/><ROW OrderNo="1137" ItemNo="3" PartNo="3386" Qty="1" Discount="0"/><ROW OrderNo="1137" ItemNo="4" PartNo="7654" Qty="12" Discount="0"/><ROW OrderNo="1137" ItemNo="5" PartNo="9312" Qty="4" Discount="0"/><ROW OrderNo="1139" ItemNo="1" PartNo="1328" Qty="14" Discount="0"/><ROW OrderNo="1139" ItemNo="2" PartNo="2367" Qty="2" Discount="0"/><ROW OrderNo="1139" ItemNo="3" PartNo="5313" Qty="21" Discount="0"/><ROW OrderNo="1139" ItemNo="4" PartNo="5318" Qty="1" Discount="0"/><ROW OrderNo="1139" ItemNo="5" PartNo="7654" Qty="3" Discount="0"/><ROW OrderNo="1139" ItemNo="6" PartNo="9312" Qty="12" Discount="0"/><ROW OrderNo="1139" ItemNo="7" PartNo="11518" Qty="19" Discount="0"/><ROW OrderNo="1139" ItemNo="8" PartNo="11652" Qty="1" Discount="0"/><ROW OrderNo="1140" ItemNo="1" PartNo="1946" Qty="3" Discount="0"/><ROW OrderNo="1140" ItemNo="2" PartNo="2632" Qty="1" Discount="0"/><ROW OrderNo="1140" ItemNo="3" PartNo="5324" Qty="4" Discount="0"/><ROW OrderNo="1141" ItemNo="1" PartNo="2350" Qty="2" Discount="0"/><ROW OrderNo="1141" ItemNo="2" PartNo="2632" Qty="2" Discount="0"/><ROW OrderNo="1141" ItemNo="3" PartNo="2954" Qty="1" Discount="0"/><ROW OrderNo="1141" ItemNo="4" PartNo="3326" Qty="3" Discount="0"/><ROW OrderNo="1142" ItemNo="1" PartNo="1313" Qty="1" Discount="0"/><ROW OrderNo="1142" ItemNo="2" PartNo="1986" Qty="2" Discount="0"/><ROW OrderNo="1142" ItemNo="3" PartNo="2954" Qty="4" Discount="0"/><ROW OrderNo="1142" ItemNo="4" PartNo="5386" Qty="4" Discount="0"/><ROW OrderNo="1143" ItemNo="1" PartNo="1328" Qty="3" Discount="0"/><ROW OrderNo="1143" ItemNo="2" PartNo="12301" Qty="3" Discount="0"/><ROW OrderNo="1144" ItemNo="1" PartNo="1986" Qty="3" Discount="0"/><ROW OrderNo="1144" ItemNo="2" PartNo="2630" Qty="4" Discount="0"/><ROW OrderNo="1144" ItemNo="3" PartNo="3316" Qty="18" Discount="0"/><ROW OrderNo="1144" ItemNo="4" PartNo="3326" Qty="3" Discount="0"/><ROW OrderNo="1144" ItemNo="5" PartNo="5324" Qty="10" Discount="0"/><ROW OrderNo="1144" ItemNo="6" PartNo="5356" Qty="1" Discount="0"/><ROW OrderNo="1144" ItemNo="7" PartNo="9312" Qty="2" Discount="0"/><ROW OrderNo="1145" ItemNo="1" PartNo="1328" Qty="1" Discount="0"/><ROW OrderNo="1145" ItemNo="2" PartNo="1390" Qty="4" Discount="0"/><ROW OrderNo="1145" ItemNo="3" PartNo="7612" Qty="4" Discount="0"/><ROW OrderNo="1145" ItemNo="4" PartNo="12303" Qty="4" Discount="0"/><ROW OrderNo="1146" ItemNo="1" PartNo="900" Qty="4" Discount="0"/><ROW OrderNo="1146" ItemNo="2" PartNo="1328" Qty="3" Discount="0"/><ROW OrderNo="1146" ItemNo="3" PartNo="1986" Qty="4" Discount="0"/><ROW OrderNo="1146" ItemNo="4" PartNo="2367" Qty="1" Discount="0"/><ROW OrderNo="1146" ItemNo="5" PartNo="2613" Qty="22" Discount="0"/><ROW OrderNo="1146" ItemNo="6" PartNo="5386" Qty="3" Discount="0"/><ROW OrderNo="1148" ItemNo="1" PartNo="1364" Qty="1" Discount="0"/><ROW OrderNo="1148" ItemNo="2" PartNo="3326" Qty="2" Discount="0"/><ROW OrderNo="1148" ItemNo="3" PartNo="5356" Qty="12" Discount="0"/><ROW OrderNo="1148" ItemNo="4" PartNo="5378" Qty="6" Discount="0"/><ROW OrderNo="1148" ItemNo="5" PartNo="9312" Qty="4" Discount="0"/><ROW OrderNo="1148" ItemNo="6" PartNo="12303" Qty="3" Discount="0"/><ROW OrderNo="1149" ItemNo="1" PartNo="1328" Qty="3" Discount="0"/><ROW OrderNo="1149" ItemNo="2" PartNo="3316" Qty="22" Discount="0"/><ROW OrderNo="1149" ItemNo="3" PartNo="5313" Qty="4" Discount="0"/><ROW OrderNo="1149" ItemNo="4" PartNo="5378" Qty="4" Discount="0"/><ROW OrderNo="1149" ItemNo="5" PartNo="7612" Qty="2" Discount="0"/><ROW OrderNo="1149" ItemNo="6" PartNo="9312" Qty="3" Discount="0"/><ROW OrderNo="1149" ItemNo="7" PartNo="11652" Qty="3" Discount="0"/><ROW OrderNo="1150" ItemNo="1" PartNo="1313" Qty="4" Discount="0"/><ROW OrderNo="1150" ItemNo="2" PartNo="1320" Qty="3" Discount="0"/><ROW OrderNo="1150" ItemNo="3" PartNo="1330" Qty="3" Discount="0"/><ROW OrderNo="1150" ItemNo="4" PartNo="3326" Qty="3" Discount="0"/><ROW OrderNo="1150" ItemNo="5" PartNo="3340" Qty="10" Discount="0"/><ROW OrderNo="1150" ItemNo="6" PartNo="5378" Qty="1" Discount="0"/><ROW OrderNo="1150" ItemNo="7" PartNo="7619" Qty="2" Discount="0"/><ROW OrderNo="1150" ItemNo="8" PartNo="9312" Qty="1" Discount="0"/><ROW OrderNo="1152" ItemNo="1" PartNo="900" Qty="1" Discount="0"/><ROW OrderNo="1152" ItemNo="2" PartNo="912" Qty="2" Discount="0"/><ROW OrderNo="1152" ItemNo="3" PartNo="1313" Qty="2" Discount="0"/><ROW OrderNo="1152" ItemNo="4" PartNo="1314" Qty="3" Discount="0"/><ROW OrderNo="1152" ItemNo="5" PartNo="1316" Qty="1" Discount="0"/><ROW OrderNo="1152" ItemNo="6" PartNo="1320" Qty="2" Discount="0"/><ROW OrderNo="1152" ItemNo="7" PartNo="1328" Qty="4" Discount="0"/><ROW OrderNo="1152" ItemNo="8" PartNo="1330" Qty="14" Discount="0"/><ROW OrderNo="1152" ItemNo="9" PartNo="1364" Qty="3" Discount="0"/><ROW OrderNo="1152" ItemNo="10" PartNo="2314" Qty="4" Discount="0"/><ROW OrderNo="1152" ItemNo="11" PartNo="2341" Qty="1" Discount="0"/><ROW OrderNo="1152" ItemNo="12" PartNo="2343" Qty="3" Discount="0"/><ROW OrderNo="1152" ItemNo="13" PartNo="2350" Qty="1" Discount="0"/><ROW OrderNo="1152" ItemNo="14" PartNo="2612" Qty="1" Discount="0"/><ROW OrderNo="1152" ItemNo="15" PartNo="2648" Qty="4" Discount="0"/><ROW OrderNo="1152" ItemNo="527" PartNo="2954" Qty="4" Discount="0"/><ROW OrderNo="1152" ItemNo="528" PartNo="3326" Qty="1" Discount="0"/><ROW OrderNo="1152" ItemNo="529" PartNo="3340" Qty="21" Discount="0"/><ROW OrderNo="1152" ItemNo="530" PartNo="5313" Qty="2" Discount="0"/><ROW OrderNo="1152" ItemNo="531" PartNo="5356" Qty="4" Discount="0"/><ROW OrderNo="1152" ItemNo="532" PartNo="5378" Qty="2" Discount="0"/><ROW OrderNo="1152" ItemNo="533" PartNo="5386" Qty="21" Discount="0"/><ROW OrderNo="1152" ItemNo="534" PartNo="7612" Qty="3" Discount="0"/><ROW OrderNo="1152" ItemNo="535" PartNo="7619" Qty="3" Discount="0"/><ROW OrderNo="1152" ItemNo="536" PartNo="9312" Qty="2" Discount="0"/><ROW OrderNo="1152" ItemNo="537" PartNo="9316" Qty="4" Discount="0"/><ROW OrderNo="1152" ItemNo="538" PartNo="9354" Qty="4" Discount="0"/><ROW OrderNo="1152" ItemNo="539" PartNo="11221" Qty="25" Discount="0"/><ROW OrderNo="1152" ItemNo="540" PartNo="11652" Qty="1" Discount="0"/><ROW OrderNo="1152" ItemNo="541" PartNo="12301" Qty="4" Discount="0"/><ROW OrderNo="1152" ItemNo="542" PartNo="12303" Qty="3" Discount="0"/><ROW OrderNo="1153" ItemNo="1" PartNo="2383" Qty="16" Discount="0"/><ROW OrderNo="1153" ItemNo="2" PartNo="3316" Qty="1" Discount="0"/><ROW OrderNo="1153" ItemNo="3" PartNo="7612" Qty="3" Discount="0"/><ROW OrderNo="1154" ItemNo="1" PartNo="1330" Qty="11" Discount="0"/><ROW OrderNo="1154" ItemNo="2" PartNo="1364" Qty="3" Discount="0"/><ROW OrderNo="1154" ItemNo="3" PartNo="2390" Qty="22" Discount="0"/><ROW OrderNo="1154" ItemNo="4" PartNo="2612" Qty="1" Discount="0"/><ROW OrderNo="1154" ItemNo="5" PartNo="5318" Qty="3" Discount="0"/><ROW OrderNo="1154" ItemNo="6" PartNo="5324" Qty="1" Discount="0"/><ROW OrderNo="1154" ItemNo="7" PartNo="5356" Qty="1" Discount="0"/><ROW OrderNo="1155" ItemNo="1" PartNo="912" Qty="3" Discount="0"/><ROW OrderNo="1155" ItemNo="2" PartNo="2341" Qty="4" Discount="0"/><ROW OrderNo="1155" ItemNo="3" PartNo="2343" Qty="4" Discount="0"/><ROW OrderNo="1155" ItemNo="4" PartNo="2383" Qty="2" Discount="0"/><ROW OrderNo="1155" ItemNo="5" PartNo="2619" Qty="1" Discount="0"/><ROW OrderNo="1155" ItemNo="6" PartNo="3326" Qty="1" Discount="0"/><ROW OrderNo="1155" ItemNo="7" PartNo="9354" Qty="1" Discount="0"/><ROW OrderNo="1155" ItemNo="8" PartNo="12301" Qty="11" Discount="0"/><ROW OrderNo="1156" ItemNo="1" PartNo="1320" Qty="4" Discount="0"/><ROW OrderNo="1156" ItemNo="2" PartNo="1328" Qty="3" Discount="0"/><ROW OrderNo="1156" ItemNo="3" PartNo="5313" Qty="2" Discount="0"/><ROW OrderNo="1156" ItemNo="4" PartNo="9312" Qty="1" Discount="0"/><ROW OrderNo="1156" ItemNo="5" PartNo="9354" Qty="1" Discount="0"/><ROW OrderNo="1156" ItemNo="6" PartNo="11564" Qty="3" Discount="0"/><ROW OrderNo="1158" ItemNo="1" PartNo="1390" Qty="1" Discount="0"/><ROW OrderNo="1158" ItemNo="2" PartNo="1946" Qty="19" Discount="0"/><ROW OrderNo="1158" ItemNo="3" PartNo="2383" Qty="2" Discount="0"/><ROW OrderNo="1158" ItemNo="4" PartNo="3326" Qty="2" Discount="0"/><ROW OrderNo="1158" ItemNo="5" PartNo="3340" Qty="2" Discount="0"/><ROW OrderNo="1158" ItemNo="6" PartNo="9312" Qty="4" Discount="0"/><ROW OrderNo="1158" ItemNo="7" PartNo="9318" Qty="1" Discount="0"/><ROW OrderNo="1158" ItemNo="8" PartNo="11635" Qty="9" Discount="0"/><ROW OrderNo="1160" ItemNo="1" PartNo="1364" Qty="1" Discount="0"/><ROW OrderNo="1160" ItemNo="2" PartNo="1390" Qty="2" Discount="0"/><ROW OrderNo="1160" ItemNo="3" PartNo="2613" Qty="2" Discount="0"/><ROW OrderNo="1160" ItemNo="4" PartNo="5324" Qty="4" Discount="0"/><ROW OrderNo="1160" ItemNo="5" PartNo="7612" Qty="3" Discount="0"/><ROW OrderNo="1160" ItemNo="6" PartNo="9354" Qty="4" Discount="0"/><ROW OrderNo="1161" ItemNo="1" PartNo="912" Qty="1" Discount="0"/><ROW OrderNo="1161" ItemNo="2" PartNo="1314" Qty="3" Discount="0"/><ROW OrderNo="1161" ItemNo="3" PartNo="1316" Qty="1" Discount="0"/><ROW OrderNo="1161" ItemNo="4" PartNo="1320" Qty="20" Discount="0"/><ROW OrderNo="1161" ItemNo="5" PartNo="1364" Qty="3" Discount="0"/><ROW OrderNo="1161" ItemNo="6" PartNo="1390" Qty="3" Discount="0"/><ROW OrderNo="1161" ItemNo="7" PartNo="2343" Qty="4" Discount="0"/><ROW OrderNo="1161" ItemNo="8" PartNo="2350" Qty="3" Discount="0"/><ROW OrderNo="1161" ItemNo="9" PartNo="2367" Qty="16" Discount="0"/><ROW OrderNo="1161" ItemNo="10" PartNo="2390" Qty="9" Discount="0"/><ROW OrderNo="1161" ItemNo="11" PartNo="2612" Qty="3" Discount="0"/><ROW OrderNo="1161" ItemNo="12" PartNo="2619" Qty="1" Discount="0"/><ROW OrderNo="1161" ItemNo="13" PartNo="2648" Qty="14" Discount="0"/><ROW OrderNo="1161" ItemNo="14" PartNo="3316" Qty="4" Discount="0"/><ROW OrderNo="1161" ItemNo="15" PartNo="3340" Qty="3" Discount="0"/><ROW OrderNo="1161" ItemNo="596" PartNo="3386" Qty="4" Discount="0"/><ROW OrderNo="1161" ItemNo="597" PartNo="5324" Qty="1" Discount="0"/><ROW OrderNo="1161" ItemNo="598" PartNo="5349" Qty="1" Discount="0"/><ROW OrderNo="1161" ItemNo="599" PartNo="5356" Qty="3" Discount="0"/><ROW OrderNo="1161" ItemNo="600" PartNo="5386" Qty="4" Discount="0"/><ROW OrderNo="1161" ItemNo="601" PartNo="7654" Qty="3" Discount="0"/><ROW OrderNo="1161" ItemNo="602" PartNo="9312" Qty="4" Discount="0"/><ROW OrderNo="1161" ItemNo="603" PartNo="9354" Qty="19" Discount="0"/><ROW OrderNo="1161" ItemNo="604" PartNo="11221" Qty="2" Discount="0"/><ROW OrderNo="1161" ItemNo="605" PartNo="11238" Qty="23" Discount="0"/><ROW OrderNo="1161" ItemNo="606" PartNo="11518" Qty="4" Discount="0"/><ROW OrderNo="1161" ItemNo="607" PartNo="11564" Qty="2" Discount="0"/><ROW OrderNo="1161" ItemNo="608" PartNo="11652" Qty="1" Discount="0"/><ROW OrderNo="1162" ItemNo="1" PartNo="2383" Qty="2" Discount="0"/><ROW OrderNo="1162" ItemNo="2" PartNo="2632" Qty="1" Discount="0"/><ROW OrderNo="1162" ItemNo="3" PartNo="2648" Qty="3" Discount="0"/><ROW OrderNo="1162" ItemNo="4" PartNo="5356" Qty="18" Discount="0"/><ROW OrderNo="1162" ItemNo="5" PartNo="9316" Qty="3" Discount="0"/><ROW OrderNo="1163" ItemNo="1" PartNo="1320" Qty="2" Discount="0"/><ROW OrderNo="1165" ItemNo="1" PartNo="2314" Qty="2" Discount="0"/><ROW OrderNo="1165" ItemNo="2" PartNo="2390" Qty="1" Discount="0"/><ROW OrderNo="1165" ItemNo="3" PartNo="2612" Qty="3" Discount="0"/><ROW OrderNo="1165" ItemNo="4" PartNo="2613" Qty="2" Discount="0"/><ROW OrderNo="1165" ItemNo="5" PartNo="9316" Qty="1" Discount="0"/><ROW OrderNo="1165" ItemNo="6" PartNo="9354" Qty="3" Discount="0"/><ROW OrderNo="1166" ItemNo="1" PartNo="1328" Qty="3" Discount="0"/><ROW OrderNo="1166" ItemNo="2" PartNo="1364" Qty="1" Discount="0"/><ROW OrderNo="1166" ItemNo="3" PartNo="1390" Qty="2" Discount="0"/><ROW OrderNo="1166" ItemNo="4" PartNo="1946" Qty="4" Discount="0"/><ROW OrderNo="1166" ItemNo="5" PartNo="2630" Qty="13" Discount="0"/><ROW OrderNo="1166" ItemNo="6" PartNo="2954" Qty="20" Discount="0"/><ROW OrderNo="1166" ItemNo="7" PartNo="5324" Qty="3" Discount="0"/><ROW OrderNo="1166" ItemNo="8" PartNo="9316" Qty="15" Discount="0"/><ROW OrderNo="1166" ItemNo="9" PartNo="11238" Qty="3" Discount="0"/><ROW OrderNo="1168" ItemNo="1" PartNo="2367" Qty="2" Discount="0"/><ROW OrderNo="1169" ItemNo="1" PartNo="912" Qty="3" Discount="0"/><ROW OrderNo="1169" ItemNo="2" PartNo="1330" Qty="4" Discount="0"/><ROW OrderNo="1169" ItemNo="3" PartNo="2657" Qty="9" Discount="0"/><ROW OrderNo="1169" ItemNo="4" PartNo="2954" Qty="4" Discount="0"/><ROW OrderNo="1169" ItemNo="5" PartNo="5356" Qty="2" Discount="0"/><ROW OrderNo="1169" ItemNo="6" PartNo="7654" Qty="1" Discount="0"/><ROW OrderNo="1169" ItemNo="7" PartNo="9318" Qty="1" Discount="0"/><ROW OrderNo="1169" ItemNo="8" PartNo="9354" Qty="1" Discount="0"/><ROW OrderNo="1170" ItemNo="1" PartNo="1946" Qty="3" Discount="0"/><ROW OrderNo="1170" ItemNo="2" PartNo="2314" Qty="1" Discount="0"/><ROW OrderNo="1170" ItemNo="3" PartNo="2954" Qty="6" Discount="0"/><ROW OrderNo="1170" ItemNo="4" PartNo="5318" Qty="4" Discount="0"/><ROW OrderNo="1170" ItemNo="5" PartNo="5356" Qty="3" Discount="0"/><ROW OrderNo="1171" ItemNo="1" PartNo="1313" Qty="2" Discount="0"/><ROW OrderNo="1171" ItemNo="2" PartNo="1330" Qty="2" Discount="0"/><ROW OrderNo="1171" ItemNo="3" PartNo="1946" Qty="2" Discount="0"/><ROW OrderNo="1171" ItemNo="4" PartNo="7654" Qty="2" Discount="0"/><ROW OrderNo="1171" ItemNo="5" PartNo="12301" Qty="1" Discount="0"/><ROW OrderNo="1173" ItemNo="1" PartNo="2630" Qty="3" Discount="0"/><ROW OrderNo="1175" ItemNo="1" PartNo="1320" Qty="9" Discount="0"/><ROW OrderNo="1175" ItemNo="2" PartNo="7619" Qty="1" Discount="0"/><ROW OrderNo="1175" ItemNo="3" PartNo="7654" Qty="15" Discount="0"/><ROW OrderNo="1175" ItemNo="4" PartNo="9316" Qty="2" Discount="0"/><ROW OrderNo="1175" ItemNo="5" PartNo="11221" Qty="4" Discount="0"/><ROW OrderNo="1175" ItemNo="6" PartNo="11652" Qty="3" Discount="0"/><ROW OrderNo="1176" ItemNo="1" PartNo="2619" Qty="2" Discount="0"/><ROW OrderNo="1176" ItemNo="2" PartNo="2648" Qty="1" Discount="0"/><ROW OrderNo="1176" ItemNo="3" PartNo="9316" Qty="12" Discount="0"/><ROW OrderNo="1176" ItemNo="4" PartNo="11635" Qty="1" Discount="0"/><ROW OrderNo="1178" ItemNo="1" PartNo="900" Qty="1" Discount="0"/><ROW OrderNo="1178" ItemNo="2" PartNo="1390" Qty="2" Discount="0"/><ROW OrderNo="1178" ItemNo="3" PartNo="5324" Qty="1" Discount="0"/><ROW OrderNo="1178" ItemNo="4" PartNo="7612" Qty="4" Discount="0"/><ROW OrderNo="1178" ItemNo="5" PartNo="11652" Qty="1" Discount="0"/><ROW OrderNo="1178" ItemNo="6" PartNo="12301" Qty="4" Discount="0"/><ROW OrderNo="1180" ItemNo="1" PartNo="1390" Qty="19" Discount="0"/><ROW OrderNo="1180" ItemNo="2" PartNo="5324" Qty="10" Discount="0"/><ROW OrderNo="1183" ItemNo="1" PartNo="912" Qty="4" Discount="0"/><ROW OrderNo="1183" ItemNo="2" PartNo="2350" Qty="25" Discount="0"/><ROW OrderNo="1183" ItemNo="3" PartNo="5313" Qty="4" Discount="0"/><ROW OrderNo="1183" ItemNo="4" PartNo="7612" Qty="3" Discount="0"/><ROW OrderNo="1183" ItemNo="5" PartNo="11518" Qty="2" Discount="0"/><ROW OrderNo="1195" ItemNo="1" PartNo="900" Qty="1" Discount="0"/><ROW OrderNo="1195" ItemNo="2" PartNo="1316" Qty="3" Discount="0"/><ROW OrderNo="1195" ItemNo="3" PartNo="1364" Qty="11" Discount="0"/><ROW OrderNo="1195" ItemNo="4" PartNo="2390" Qty="4" Discount="0"/><ROW OrderNo="1196" ItemNo="1" PartNo="1314" Qty="2" Discount="0"/><ROW OrderNo="1196" ItemNo="2" PartNo="1320" Qty="3" Discount="0"/><ROW OrderNo="1196" ItemNo="3" PartNo="3386" Qty="3" Discount="0"/><ROW OrderNo="1196" ItemNo="4" PartNo="9316" Qty="12" Discount="0"/><ROW OrderNo="1197" ItemNo="1" PartNo="1320" Qty="20" Discount="0"/><ROW OrderNo="1197" ItemNo="2" PartNo="1986" Qty="3" Discount="0"/><ROW OrderNo="1197" ItemNo="3" PartNo="2390" Qty="3" Discount="0"/><ROW OrderNo="1197" ItemNo="4" PartNo="5313" Qty="22" Discount="0"/><ROW OrderNo="1197" ItemNo="5" PartNo="9318" Qty="3" Discount="0"/><ROW OrderNo="1198" ItemNo="1" PartNo="1314" Qty="2" Discount="0"/><ROW OrderNo="1198" ItemNo="2" PartNo="1316" Qty="3" Discount="0"/><ROW OrderNo="1198" ItemNo="3" PartNo="1328" Qty="20" Discount="0"/><ROW OrderNo="1198" ItemNo="4" PartNo="1390" Qty="4" Discount="0"/><ROW OrderNo="1198" ItemNo="5" PartNo="1946" Qty="1" Discount="0"/><ROW OrderNo="1198" ItemNo="6" PartNo="2314" Qty="3" Discount="0"/><ROW OrderNo="1198" ItemNo="7" PartNo="2341" Qty="3" Discount="0"/><ROW OrderNo="1198" ItemNo="8" PartNo="2343" Qty="4" Discount="0"/><ROW OrderNo="1198" ItemNo="9" PartNo="2367" Qty="3" Discount="0"/><ROW OrderNo="1198" ItemNo="10" PartNo="2390" Qty="1" Discount="0"/><ROW OrderNo="1198" ItemNo="11" PartNo="2612" Qty="1" Discount="0"/><ROW OrderNo="1198" ItemNo="12" PartNo="2619" Qty="17" Discount="0"/><ROW OrderNo="1198" ItemNo="13" PartNo="2657" Qty="2" Discount="0"/><ROW OrderNo="1198" ItemNo="14" PartNo="3316" Qty="3" Discount="0"/><ROW OrderNo="1198" ItemNo="15" PartNo="3340" Qty="3" Discount="0"/><ROW OrderNo="1198" ItemNo="718" PartNo="5349" Qty="2" Discount="0"/><ROW OrderNo="1198" ItemNo="719" PartNo="5356" Qty="2" Discount="0"/><ROW OrderNo="1198" ItemNo="720" PartNo="5378" Qty="22" Discount="0"/><ROW OrderNo="1198" ItemNo="721" PartNo="9312" Qty="2" Discount="0"/><ROW OrderNo="1198" ItemNo="722" PartNo="9318" Qty="4" Discount="0"/><ROW OrderNo="1198" ItemNo="723" PartNo="11238" Qty="1" Discount="0"/><ROW OrderNo="1198" ItemNo="724" PartNo="11518" Qty="24" Discount="0"/><ROW OrderNo="1198" ItemNo="725" PartNo="11652" Qty="4" Discount="0"/><ROW OrderNo="1199" ItemNo="1" PartNo="2613" Qty="4" Discount="0"/><ROW OrderNo="1200" ItemNo="1" PartNo="1328" Qty="3" Discount="0"/><ROW OrderNo="1200" ItemNo="2" PartNo="9312" Qty="3" Discount="0"/><ROW OrderNo="1201" ItemNo="1" PartNo="1364" Qty="3" Discount="0"/><ROW OrderNo="1201" ItemNo="2" PartNo="1390" Qty="4" Discount="0"/><ROW OrderNo="1201" ItemNo="3" PartNo="9316" Qty="20" Discount="0"/><ROW OrderNo="1202" ItemNo="1" PartNo="3326" Qty="12" Discount="0"/><ROW OrderNo="1202" ItemNo="2" PartNo="9316" Qty="2" Discount="0"/><ROW OrderNo="1202" ItemNo="3" PartNo="9318" Qty="1" Discount="0"/><ROW OrderNo="1204" ItemNo="1" PartNo="912" Qty="2" Discount="0"/><ROW OrderNo="1204" ItemNo="2" PartNo="1364" Qty="11" Discount="0"/><ROW OrderNo="1204" ItemNo="3" PartNo="2612" Qty="4" Discount="0"/><ROW OrderNo="1204" ItemNo="4" PartNo="5318" Qty="1" Discount="0"/><ROW OrderNo="1204" ItemNo="5" PartNo="5324" Qty="1" Discount="0"/><ROW OrderNo="1204" ItemNo="6" PartNo="9316" Qty="4" Discount="0"/><ROW OrderNo="1204" ItemNo="7" PartNo="12301" Qty="4" Discount="0"/><ROW OrderNo="1205" ItemNo="1" PartNo="912" Qty="1" Discount="0"/><ROW OrderNo="1205" ItemNo="2" PartNo="2343" Qty="1" Discount="0"/><ROW OrderNo="1205" ItemNo="3" PartNo="2383" Qty="3" Discount="0"/><ROW OrderNo="1205" ItemNo="4" PartNo="2619" Qty="1" Discount="0"/><ROW OrderNo="1205" ItemNo="5" PartNo="5386" Qty="1" Discount="0"/><ROW OrderNo="1205" ItemNo="6" PartNo="7612" Qty="4" Discount="0"/><ROW OrderNo="1205" ItemNo="7" PartNo="7619" Qty="4" Discount="0"/><ROW OrderNo="1205" ItemNo="8" PartNo="9312" Qty="3" Discount="0"/><ROW OrderNo="1207" ItemNo="1" PartNo="900" Qty="2" Discount="0"/><ROW OrderNo="1207" ItemNo="2" PartNo="1986" Qty="2" Discount="0"/><ROW OrderNo="1207" ItemNo="3" PartNo="7619" Qty="3" Discount="0"/><ROW OrderNo="1207" ItemNo="4" PartNo="7654" Qty="3" Discount="0"/><ROW OrderNo="1207" ItemNo="5" PartNo="11238" Qty="3" Discount="0"/><ROW OrderNo="1209" ItemNo="1" PartNo="2390" Qty="21" Discount="0"/><ROW OrderNo="1209" ItemNo="2" PartNo="3316" Qty="3" Discount="0"/><ROW OrderNo="1209" ItemNo="3" PartNo="5349" Qty="18" Discount="0"/><ROW OrderNo="1209" ItemNo="4" PartNo="7654" Qty="2" Discount="0"/><ROW OrderNo="1209" ItemNo="5" PartNo="11221" Qty="3" Discount="0"/><ROW OrderNo="1209" ItemNo="6" PartNo="12303" Qty="3" Discount="0"/><ROW OrderNo="1212" ItemNo="1" PartNo="2619" Qty="25" Discount="0"/><ROW OrderNo="1212" ItemNo="2" PartNo="2630" Qty="2" Discount="0"/><ROW OrderNo="1212" ItemNo="3" PartNo="2648" Qty="2" Discount="0"/><ROW OrderNo="1212" ItemNo="4" PartNo="5386" Qty="2" Discount="0"/><ROW OrderNo="1212" ItemNo="5" PartNo="9312" Qty="17" Discount="0"/><ROW OrderNo="1215" ItemNo="1" PartNo="2619" Qty="2" Discount="0"/><ROW OrderNo="1215" ItemNo="2" PartNo="2632" Qty="4" Discount="0"/><ROW OrderNo="1215" ItemNo="3" PartNo="2648" Qty="1" Discount="0"/><ROW OrderNo="1215" ItemNo="4" PartNo="7612" Qty="11" Discount="0"/><ROW OrderNo="1215" ItemNo="5" PartNo="7619" Qty="24" Discount="0"/><ROW OrderNo="1215" ItemNo="6" PartNo="11238" Qty="1" Discount="0"/><ROW OrderNo="1215" ItemNo="7" PartNo="11635" Qty="4" Discount="0"/><ROW OrderNo="1217" ItemNo="1" PartNo="900" Qty="18" Discount="0"/><ROW OrderNo="1217" ItemNo="2" PartNo="1390" Qty="3" Discount="0"/><ROW OrderNo="1217" ItemNo="3" PartNo="2390" Qty="3" Discount="0"/><ROW OrderNo="1217" ItemNo="4" PartNo="2648" Qty="16" Discount="0"/><ROW OrderNo="1217" ItemNo="5" PartNo="11221" Qty="3" Discount="0"/><ROW OrderNo="1217" ItemNo="6" PartNo="11652" Qty="4" Discount="0"/><ROW OrderNo="1221" ItemNo="1" PartNo="1316" Qty="4" Discount="0"/><ROW OrderNo="1221" ItemNo="2" PartNo="12303" Qty="1" Discount="0"/><ROW OrderNo="1250" ItemNo="1" PartNo="900" Qty="2" Discount="0"/><ROW OrderNo="1250" ItemNo="2" PartNo="912" Qty="3" Discount="0"/><ROW OrderNo="1250" ItemNo="3" PartNo="1314" Qty="4" Discount="0"/><ROW OrderNo="1250" ItemNo="4" PartNo="1316" Qty="4" Discount="0"/><ROW OrderNo="1250" ItemNo="5" PartNo="1320" Qty="16" Discount="0"/><ROW OrderNo="1250" ItemNo="6" PartNo="1330" Qty="4" Discount="0"/><ROW OrderNo="1250" ItemNo="7" PartNo="1364" Qty="2" Discount="0"/><ROW OrderNo="1250" ItemNo="8" PartNo="1390" Qty="4" Discount="0"/><ROW OrderNo="1250" ItemNo="9" PartNo="1946" Qty="2" Discount="0"/><ROW OrderNo="1250" ItemNo="10" PartNo="2314" Qty="1" Discount="0"/><ROW OrderNo="1250" ItemNo="11" PartNo="2341" Qty="4" Discount="0"/><ROW OrderNo="1250" ItemNo="12" PartNo="2343" Qty="4" Discount="0"/><ROW OrderNo="1250" ItemNo="13" PartNo="2350" Qty="1" Discount="0"/><ROW OrderNo="1250" ItemNo="14" PartNo="2383" Qty="1" Discount="0"/><ROW OrderNo="1250" ItemNo="15" PartNo="2613" Qty="11" Discount="0"/><ROW OrderNo="1250" ItemNo="796" PartNo="2619" Qty="2" Discount="0"/><ROW OrderNo="1250" ItemNo="797" PartNo="2630" Qty="9" Discount="0"/><ROW OrderNo="1250" ItemNo="798" PartNo="2657" Qty="3" Discount="0"/><ROW OrderNo="1250" ItemNo="799" PartNo="3326" Qty="4" Discount="0"/><ROW OrderNo="1250" ItemNo="800" PartNo="3340" Qty="4" Discount="0"/><ROW OrderNo="1250" ItemNo="801" PartNo="3386" Qty="1" Discount="0"/><ROW OrderNo="1250" ItemNo="802" PartNo="5318" Qty="8" Discount="0"/><ROW OrderNo="1250" ItemNo="803" PartNo="5324" Qty="1" Discount="0"/><ROW OrderNo="1250" ItemNo="804" PartNo="7612" Qty="2" Discount="0"/><ROW OrderNo="1250" ItemNo="805" PartNo="9312" Qty="2" Discount="0"/><ROW OrderNo="1250" ItemNo="806" PartNo="9318" Qty="4" Discount="0"/><ROW OrderNo="1250" ItemNo="807" PartNo="9354" Qty="3" Discount="0"/><ROW OrderNo="1250" ItemNo="808" PartNo="11221" Qty="4" Discount="0"/><ROW OrderNo="1250" ItemNo="809" PartNo="11635" Qty="4" Discount="0"/><ROW OrderNo="1250" ItemNo="810" PartNo="11652" Qty="2" Discount="0"/><ROW OrderNo="1250" ItemNo="811" PartNo="12301" Qty="8" Discount="0"/><ROW OrderNo="1250" ItemNo="812" PartNo="12303" Qty="3" Discount="0"/><ROW OrderNo="1253" ItemNo="1" PartNo="1390" Qty="19" Discount="0"/><ROW OrderNo="1253" ItemNo="2" PartNo="2341" Qty="13" Discount="0"/><ROW OrderNo="1253" ItemNo="3" PartNo="7654" Qty="3" Discount="0"/><ROW OrderNo="1255" ItemNo="1" PartNo="900" Qty="25" Discount="0"/><ROW OrderNo="1255" ItemNo="2" PartNo="1320" Qty="2" Discount="0"/><ROW OrderNo="1255" ItemNo="3" PartNo="1390" Qty="4" Discount="0"/><ROW OrderNo="1255" ItemNo="4" PartNo="2383" Qty="21" Discount="0"/><ROW OrderNo="1255" ItemNo="5" PartNo="2390" Qty="4" Discount="0"/><ROW OrderNo="1255" ItemNo="6" PartNo="2630" Qty="3" Discount="0"/><ROW OrderNo="1255" ItemNo="7" PartNo="5318" Qty="25" Discount="0"/><ROW OrderNo="1255" ItemNo="8" PartNo="12303" Qty="1" Discount="0"/><ROW OrderNo="1260" ItemNo="1" PartNo="2657" Qty="21" Discount="0"/><ROW OrderNo="1260" ItemNo="2" PartNo="2954" Qty="1" Discount="0"/><ROW OrderNo="1260" ItemNo="3" PartNo="3340" Qty="1" Discount="0"/><ROW OrderNo="1260" ItemNo="4" PartNo="5313" Qty="24" Discount="0"/><ROW OrderNo="1260" ItemNo="5" PartNo="5318" Qty="3" Discount="0"/><ROW OrderNo="1261" ItemNo="1" PartNo="11518" Qty="1" Discount="0"/><ROW OrderNo="1263" ItemNo="1" PartNo="912" Qty="1" Discount="0"/><ROW OrderNo="1263" ItemNo="2" PartNo="1313" Qty="1" Discount="0"/><ROW OrderNo="1263" ItemNo="3" PartNo="1314" Qty="4" Discount="0"/><ROW OrderNo="1263" ItemNo="4" PartNo="1316" Qty="2" Discount="0"/><ROW OrderNo="1263" ItemNo="5" PartNo="1320" Qty="1" Discount="0"/><ROW OrderNo="1263" ItemNo="6" PartNo="1328" Qty="1" Discount="0"/><ROW OrderNo="1263" ItemNo="7" PartNo="1330" Qty="14" Discount="0"/><ROW OrderNo="1263" ItemNo="8" PartNo="1364" Qty="3" Discount="0"/><ROW OrderNo="1263" ItemNo="9" PartNo="1390" Qty="2" Discount="0"/><ROW OrderNo="1263" ItemNo="10" PartNo="1986" Qty="25" Discount="0"/><ROW OrderNo="1263" ItemNo="11" PartNo="2314" Qty="10" Discount="0"/><ROW OrderNo="1263" ItemNo="12" PartNo="2341" Qty="1" Discount="0"/><ROW OrderNo="1263" ItemNo="13" PartNo="2350" Qty="1" Discount="0"/><ROW OrderNo="1263" ItemNo="14" PartNo="2383" Qty="25" Discount="0"/><ROW OrderNo="1263" ItemNo="15" PartNo="2390" Qty="1" Discount="0"/><ROW OrderNo="1263" ItemNo="845" PartNo="2613" Qty="3" Discount="0"/><ROW OrderNo="1263" ItemNo="846" PartNo="2632" Qty="3" Discount="0"/><ROW OrderNo="1263" ItemNo="847" PartNo="2954" Qty="2" Discount="0"/><ROW OrderNo="1263" ItemNo="848" PartNo="3316" Qty="24" Discount="0"/><ROW OrderNo="1263" ItemNo="849" PartNo="3326" Qty="1" Discount="0"/><ROW OrderNo="1263" ItemNo="850" PartNo="3386" Qty="1" Discount="0"/><ROW OrderNo="1263" ItemNo="851" PartNo="5313" Qty="1" Discount="0"/><ROW OrderNo="1263" ItemNo="852" PartNo="5318" Qty="1" Discount="0"/><ROW OrderNo="1263" ItemNo="853" PartNo="5324" Qty="3" Discount="0"/><ROW OrderNo="1263" ItemNo="854" PartNo="5349" Qty="4" Discount="0"/><ROW OrderNo="1263" ItemNo="855" PartNo="5356" Qty="1" Discount="0"/><ROW OrderNo="1263" ItemNo="856" PartNo="5378" Qty="2" Discount="0"/><ROW OrderNo="1263" ItemNo="857" PartNo="7612" Qty="1" Discount="0"/><ROW OrderNo="1263" ItemNo="858" PartNo="7619" Qty="4" Discount="0"/><ROW OrderNo="1263" ItemNo="859" PartNo="9316" Qty="4" Discount="0"/><ROW OrderNo="1263" ItemNo="860" PartNo="9318" Qty="16" Discount="0"/><ROW OrderNo="1263" ItemNo="861" PartNo="11238" Qty="13" Discount="0"/><ROW OrderNo="1263" ItemNo="862" PartNo="11518" Qty="1" Discount="0"/><ROW OrderNo="1263" ItemNo="863" PartNo="11564" Qty="22" Discount="0"/><ROW OrderNo="1263" ItemNo="864" PartNo="11635" Qty="1" Discount="0"/><ROW OrderNo="1263" ItemNo="865" PartNo="12301" Qty="15" Discount="0"/><ROW OrderNo="1266" ItemNo="1" PartNo="1314" Qty="19" Discount="0"/><ROW OrderNo="1269" ItemNo="1" PartNo="5378" Qty="20" Discount="0"/><ROW OrderNo="1271" ItemNo="1" PartNo="2367" Qty="1" Discount="0"/><ROW OrderNo="1271" ItemNo="2" PartNo="2657" Qty="14" Discount="0"/><ROW OrderNo="1275" ItemNo="1" PartNo="1320" Qty="3" Discount="0"/><ROW OrderNo="1275" ItemNo="2" PartNo="1330" Qty="2" Discount="0"/><ROW OrderNo="1275" ItemNo="3" PartNo="2367" Qty="1" Discount="0"/><ROW OrderNo="1275" ItemNo="4" PartNo="2390" Qty="2" Discount="0"/><ROW OrderNo="1275" ItemNo="5" PartNo="2619" Qty="2" Discount="0"/><ROW OrderNo="1275" ItemNo="6" PartNo="2630" Qty="4" Discount="0"/><ROW OrderNo="1275" ItemNo="7" PartNo="2632" Qty="3" Discount="0"/><ROW OrderNo="1275" ItemNo="8" PartNo="2648" Qty="3" Discount="0"/><ROW OrderNo="1275" ItemNo="9" PartNo="2657" Qty="1" Discount="0"/><ROW OrderNo="1275" ItemNo="10" PartNo="3340" Qty="23" Discount="0"/><ROW OrderNo="1275" ItemNo="11" PartNo="5378" Qty="2" Discount="0"/><ROW OrderNo="1275" ItemNo="12" PartNo="9312" Qty="1" Discount="0"/><ROW OrderNo="1275" ItemNo="13" PartNo="11652" Qty="8" Discount="0"/><ROW OrderNo="1275" ItemNo="14" PartNo="12301" Qty="3" Discount="0"/><ROW OrderNo="1278" ItemNo="1" PartNo="3316" Qty="4" Discount="0"/><ROW OrderNo="1278" ItemNo="2" PartNo="5356" Qty="3" Discount="0"/><ROW OrderNo="1278" ItemNo="3" PartNo="9312" Qty="4" Discount="0"/><ROW OrderNo="1278" ItemNo="4" PartNo="9318" Qty="15" Discount="0"/><ROW OrderNo="1278" ItemNo="5" PartNo="11518" Qty="3" Discount="0"/><ROW OrderNo="1280" ItemNo="1" PartNo="2954" Qty="2" Discount="0"/><ROW OrderNo="1280" ItemNo="2" PartNo="7619" Qty="2" Discount="0"/><ROW OrderNo="1280" ItemNo="3" PartNo="7654" Qty="3" Discount="0"/><ROW OrderNo="1280" ItemNo="4" PartNo="11238" Qty="1" Discount="0"/><ROW OrderNo="1283" ItemNo="1" PartNo="1316" Qty="4" Discount="0"/><ROW OrderNo="1283" ItemNo="2" PartNo="1328" Qty="2" Discount="0"/><ROW OrderNo="1283" ItemNo="3" PartNo="3340" Qty="4" Discount="0"/><ROW OrderNo="1283" ItemNo="4" PartNo="5356" Qty="8" Discount="0"/><ROW OrderNo="1283" ItemNo="5" PartNo="9318" Qty="13" Discount="0"/><ROW OrderNo="1283" ItemNo="6" PartNo="9354" Qty="1" Discount="0"/><ROW OrderNo="1292" ItemNo="1" PartNo="1330" Qty="14" Discount="0"/><ROW OrderNo="1292" ItemNo="2" PartNo="1364" Qty="4" Discount="0"/><ROW OrderNo="1292" ItemNo="3" PartNo="2612" Qty="2" Discount="0"/><ROW OrderNo="1292" ItemNo="4" PartNo="2630" Qty="14" Discount="0"/><ROW OrderNo="1292" ItemNo="5" PartNo="5349" Qty="2" Discount="0"/><ROW OrderNo="1292" ItemNo="6" PartNo="5378" Qty="2" Discount="0"/><ROW OrderNo="1292" ItemNo="7" PartNo="5386" Qty="1" Discount="0"/><ROW OrderNo="1292" ItemNo="8" PartNo="9318" Qty="2" Discount="0"/><ROW OrderNo="1292" ItemNo="9" PartNo="12303" Qty="3" Discount="0"/><ROW OrderNo="1294" ItemNo="1" PartNo="1313" Qty="2" Discount="0"/><ROW OrderNo="1294" ItemNo="2" PartNo="1328" Qty="2" Discount="0"/><ROW OrderNo="1294" ItemNo="3" PartNo="2657" Qty="1" Discount="0"/><ROW OrderNo="1294" ItemNo="4" PartNo="5318" Qty="1" Discount="0"/><ROW OrderNo="1294" ItemNo="5" PartNo="5356" Qty="25" Discount="0"/><ROW OrderNo="1294" ItemNo="6" PartNo="7654" Qty="2" Discount="0"/><ROW OrderNo="1295" ItemNo="1" PartNo="1330" Qty="4" Discount="0"/><ROW OrderNo="1295" ItemNo="2" PartNo="2343" Qty="1" Discount="0"/><ROW OrderNo="1295" ItemNo="3" PartNo="2954" Qty="4" Discount="0"/><ROW OrderNo="1295" ItemNo="4" PartNo="3316" Qty="6" Discount="0"/><ROW OrderNo="1295" ItemNo="5" PartNo="11238" Qty="4" Discount="0"/><ROW OrderNo="1295" ItemNo="6" PartNo="12303" Qty="2" Discount="0"/><ROW OrderNo="1296" ItemNo="1" PartNo="1328" Qty="3" Discount="0"/><ROW OrderNo="1296" ItemNo="2" PartNo="1330" Qty="3" Discount="0"/><ROW OrderNo="1296" ItemNo="3" PartNo="2619" Qty="3" Discount="0"/><ROW OrderNo="1296" ItemNo="4" PartNo="5386" Qty="24" Discount="0"/><ROW OrderNo="1296" ItemNo="5" PartNo="7619" Qty="10" Discount="0"/><ROW OrderNo="1296" ItemNo="6" PartNo="9312" Qty="1" Discount="0"/><ROW OrderNo="1296" ItemNo="7" PartNo="9316" Qty="1" Discount="0"/><ROW OrderNo="1296" ItemNo="8" PartNo="9318" Qty="6" Discount="0"/><ROW OrderNo="1298" ItemNo="1" PartNo="11564" Qty="3" Discount="0"/><ROW OrderNo="1300" ItemNo="1" PartNo="2632" Qty="4" Discount="0"/><ROW OrderNo="1300" ItemNo="2" PartNo="5318" Qty="14" Discount="0"/><ROW OrderNo="1300" ItemNo="3" PartNo="7654" Qty="1" Discount="0"/><ROW OrderNo="1300" ItemNo="4" PartNo="9318" Qty="2" Discount="0"/><ROW OrderNo="1300" ItemNo="5" PartNo="9354" Qty="3" Discount="0"/><ROW OrderNo="1300" ItemNo="6" PartNo="11518" Qty="24" Discount="0"/><ROW OrderNo="1300" ItemNo="7" PartNo="12303" Qty="3" Discount="0"/><ROW OrderNo="1302" ItemNo="1" PartNo="912" Qty="2" Discount="0"/><ROW OrderNo="1302" ItemNo="2" PartNo="1314" Qty="2" Discount="0"/><ROW OrderNo="1302" ItemNo="3" PartNo="1330" Qty="1" Discount="0"/><ROW OrderNo="1302" ItemNo="4" PartNo="2341" Qty="2" Discount="0"/><ROW OrderNo="1302" ItemNo="5" PartNo="2630" Qty="2" Discount="0"/><ROW OrderNo="1302" ItemNo="6" PartNo="11238" Qty="4" Discount="0"/><ROW OrderNo="1302" ItemNo="7" PartNo="11564" Qty="3" Discount="0"/><ROW OrderNo="1305" ItemNo="1" PartNo="1314" Qty="1" Discount="0"/><ROW OrderNo="1305" ItemNo="2" PartNo="2341" Qty="22" Discount="0"/><ROW OrderNo="1305" ItemNo="3" PartNo="9318" Qty="2" Discount="0"/><ROW OrderNo="1309" ItemNo="1" PartNo="2630" Qty="15" Discount="0"/><ROW OrderNo="1309" ItemNo="2" PartNo="9318" Qty="1" Discount="0"/><ROW OrderNo="1315" ItemNo="1" PartNo="2341" Qty="4" Discount="0"/><ROW OrderNo="1315" ItemNo="2" PartNo="2343" Qty="3" Discount="0"/><ROW OrderNo="1315" ItemNo="3" PartNo="2350" Qty="2" Discount="0"/><ROW OrderNo="1315" ItemNo="4" PartNo="2367" Qty="4" Discount="0"/><ROW OrderNo="1315" ItemNo="5" PartNo="5318" Qty="18" Discount="0"/><ROW OrderNo="1315" ItemNo="6" PartNo="5324" Qty="3" Discount="0"/><ROW OrderNo="1315" ItemNo="7" PartNo="11238" Qty="1" Discount="0"/><ROW OrderNo="1317" ItemNo="1" PartNo="2314" Qty="16" Discount="0"/><ROW OrderNo="1317" ItemNo="2" PartNo="2343" Qty="4" Discount="0"/><ROW OrderNo="1317" ItemNo="3" PartNo="2630" Qty="4" Discount="0"/><ROW OrderNo="1317" ItemNo="4" PartNo="5386" Qty="4" Discount="0"/><ROW OrderNo="1350" ItemNo="1" PartNo="1316" Qty="17" Discount="0"/><ROW OrderNo="1350" ItemNo="2" PartNo="1328" Qty="1" Discount="0"/><ROW OrderNo="1350" ItemNo="3" PartNo="1364" Qty="3" Discount="0"/><ROW OrderNo="1350" ItemNo="4" PartNo="2343" Qty="3" Discount="0"/><ROW OrderNo="1350" ItemNo="5" PartNo="5313" Qty="1" Discount="0"/><ROW OrderNo="1350" ItemNo="6" PartNo="5318" Qty="1" Discount="0"/><ROW OrderNo="1350" ItemNo="7" PartNo="5349" Qty="4" Discount="0"/><ROW OrderNo="1350" ItemNo="8" PartNo="11635" Qty="7" Discount="0"/><ROW OrderNo="1355" ItemNo="1" PartNo="1328" Qty="2" Discount="0"/><ROW OrderNo="1355" ItemNo="2" PartNo="2954" Qty="1" Discount="0"/><ROW OrderNo="1355" ItemNo="3" PartNo="3316" Qty="1" Discount="0"/><ROW OrderNo="1355" ItemNo="4" PartNo="9312" Qty="1" Discount="0"/><ROW OrderNo="1355" ItemNo="5" PartNo="11238" Qty="4" Discount="0"/><ROW OrderNo="1355" ItemNo="6" PartNo="12301" Qty="3" Discount="0"/><ROW OrderNo="1860" ItemNo="1" PartNo="5349" Qty="1" Discount="0"/></ROWDATA></DATAPACKET>