<?xml version="1.0" standalone="yes"?>  <DATAPACKET Version="2.0"><METADATA><FIELDS><FIELD attrname="OrderNo" fieldtype="r8"/><FIELD attrname="CustNo" fieldtype="r8" required="true"/><FIELD attrname="SaleDate" fieldtype="dateTime"/><FIELD attrname="ShipDate" fieldtype="dateTime"/><FIELD attrname="EmpNo" fieldtype="i4" required="true"/><FIELD attrname="ShipToContact" fieldtype="string" WIDTH="20"/><FIELD attrname="ShipToAddr1" fieldtype="string" WIDTH="30"/><FIELD attrname="ShipToAddr2" fieldtype="string" WIDTH="30"/><FIELD attrname="ShipToCity" fieldtype="string" WIDTH="15"/><FIELD attrname="ShipToState" fieldtype="string" WIDTH="20"/><FIELD attrname="ShipToZip" fieldtype="string" WIDTH="10"/><FIELD attrname="ShipToCountry" fieldtype="string" WIDTH="20"/><FIELD attrname="ShipToPhone" fieldtype="string" WIDTH="15"/><FIELD attrname="ShipVIA" fieldtype="string" WIDTH="7"/><FIELD attrname="PO" fieldtype="string" WIDTH="15"/><FIELD attrname="Terms" fieldtype="string" WIDTH="6"/><FIELD attrname="PaymentMethod" fieldtype="string" WIDTH="7"/><FIELD attrname="ItemsTotal" fieldtype="r8" SUBTYPE="Money"/><FIELD attrname="TaxRate" fieldtype="r8"/><FIELD attrname="Freight" fieldtype="r8" SUBTYPE="Money"/><FIELD attrname="AmountPaid" fieldtype="r8" SUBTYPE="Money"/></FIELDS><PARAMS DEFAULT_ORDER="1" PRIMARY_KEY="1" LCID="1033"/></METADATA><ROWDATA><ROW OrderNo="1003" CustNo="1351" SaleDate="19880412" ShipDate="19880503T12:00:00000" EmpNo="114" ShipVIA="UPS" Terms="FOB" PaymentMethod="Credit" ItemsTotal="1250" TaxRate="4.5" Freight="0" AmountPaid="0"/><ROW OrderNo="1004" CustNo="2156" SaleDate="19880417" ShipDate="19880418" EmpNo="145" ShipToContact="Maria Eventosh" ShipToAddr1="PO Box 737" ShipToCity="Johannesburg" ShipToZip="2042" ShipToCountry="Republic So. Africa" ShipToPhone="27-11-4432458" ShipVIA="DHL" Terms="FOB" PaymentMethod="Check" ItemsTotal="7885" TaxRate="0" Freight="0" AmountPaid="7885"/><ROW OrderNo="1005" CustNo="1356" SaleDate="19880420" ShipDate="19880121T12:00:00000" EmpNo="110" ShipVIA="UPS" Terms="FOB" PaymentMethod="Visa" ItemsTotal="4807" TaxRate="0" Freight="0" AmountPaid="4807"/><ROW OrderNo="1006" CustNo="1380" SaleDate="19941106" ShipDate="19881107T12:00:00000" EmpNo="46" ShipVIA="Emery" PO="P101324" Terms="FOB" PaymentMethod="Visa" ItemsTotal="31987" TaxRate="0" Freight="0" AmountPaid="0"/><ROW OrderNo="1007" CustNo="1384" SaleDate="19880501" ShipDate="19880502" EmpNo="45" ShipVIA="US Mail" Terms="FOB" PaymentMethod="Visa" ItemsTotal="6500" TaxRate="0" Freight="0" AmountPaid="6500"/><ROW OrderNo="1008" CustNo="1510" SaleDate="19880503" ShipDate="19880504" EmpNo="12" ShipVIA="US Mail" Terms="Net 30" PaymentMethod="Visa" ItemsTotal="1449.5" TaxRate="0" Freight="0" AmountPaid="0"/><ROW OrderNo="1009" CustNo="1513" SaleDate="19880511" ShipDate="19880512" EmpNo="71" ShipVIA="US Mail" Terms="Net 30" PaymentMethod="COD" ItemsTotal="5587" TaxRate="0" Freight="0" AmountPaid="0"/><ROW OrderNo="1010" CustNo="1551" SaleDate="19880511" ShipDate="19880512" EmpNo="46" ShipVIA="UPS" Terms="Net 30" PaymentMethod="COD" ItemsTotal="4996" TaxRate="0" Freight="0" AmountPaid="4996"/><ROW OrderNo="1011" CustNo="1560" SaleDate="19880518" ShipDate="19880519" EmpNo="5" ShipVIA="UPS" Terms="Net 30" PaymentMethod="COD" ItemsTotal="2679.85" TaxRate="0" Freight="0" AmountPaid="2679.85"/><ROW OrderNo="1012" CustNo="1563" SaleDate="19880519" ShipDate="19880520" EmpNo="118" ShipVIA="UPS" Terms="Net 30" PaymentMethod="Credit" ItemsTotal="5201" TaxRate="0" Freight="0" AmountPaid="5201"/><ROW OrderNo="1013" CustNo="1624" SaleDate="19880525" ShipDate="19880526" EmpNo="134" ShipVIA="Emery" Terms="Net 30" PaymentMethod="Credit" ItemsTotal="3115" TaxRate="0" Freight="0" AmountPaid="3115"/><ROW OrderNo="1014" CustNo="1645" SaleDate="19880525" ShipDate="19880526" EmpNo="144" ShipVIA="Emery" Terms="Net 30" PaymentMethod="Credit" ItemsTotal="134.85" TaxRate="0" Freight="0" AmountPaid="134.85"/><ROW OrderNo="1015" CustNo="1651" SaleDate="19880525" ShipDate="19880526" EmpNo="71" ShipVIA="Emery" Terms="FOB" PaymentMethod="MC" ItemsTotal="20321.75" TaxRate="0" Freight="0" AmountPaid="20321.75"/><ROW OrderNo="1016" CustNo="1680" SaleDate="19880602" ShipDate="19880603" EmpNo="65" ShipVIA="UPS" Terms="FOB" PaymentMethod="AmEx" ItemsTotal="2605" TaxRate="0" Freight="0" AmountPaid="0"/><ROW OrderNo="1017" CustNo="1984" SaleDate="19880612" ShipDate="19880613" EmpNo="28" ShipVIA="DHL" Terms="FOB" PaymentMethod="Check" ItemsTotal="10195" TaxRate="0" Freight="0" AmountPaid="0"/><ROW OrderNo="1018" CustNo="2118" SaleDate="19880618" ShipDate="19880619" EmpNo="118" ShipVIA="DHL" Terms="FOB" PaymentMethod="Check" ItemsTotal="5256" TaxRate="0" Freight="0" AmountPaid="0"/><ROW OrderNo="1019" CustNo="2135" SaleDate="19880624" ShipDate="19880625" EmpNo="114" ShipVIA="DHL" Terms="Net 30" PaymentMethod="Credit" ItemsTotal="20602" TaxRate="0" Freight="0" AmountPaid="0"/><ROW OrderNo="1020" CustNo="2156" SaleDate="19880624" ShipDate="19880625" EmpNo="61" ShipVIA="DHL" Terms="Net 30" PaymentMethod="Credit" ItemsTotal="9955" TaxRate="0" Freight="0" AmountPaid="9955"/><ROW OrderNo="1021" CustNo="2163" SaleDate="19880624" ShipDate="19880625" EmpNo="52" ShipVIA="UPS" Terms="Net 30" PaymentMethod="Credit" ItemsTotal="3719" TaxRate="0" Freight="0" AmountPaid="3719"/><ROW OrderNo="1022" CustNo="2163" SaleDate="19880630" ShipDate="19880701" EmpNo="46" ShipVIA="UPS" Terms="Net 30" PaymentMethod="Credit" ItemsTotal="10064.65" TaxRate="0" Freight="0" AmountPaid="10064.65"/><ROW OrderNo="1023" CustNo="1221" SaleDate="19880701" ShipDate="19880702" EmpNo="5" ShipVIA="UPS" Terms="Net 30" PaymentMethod="Check" ItemsTotal="4674" TaxRate="0" Freight="0" AmountPaid="4674"/><ROW OrderNo="1024" CustNo="3151" SaleDate="19880702" ShipDate="19880703" EmpNo="2" ShipVIA="UPS" Terms="Net 30" PaymentMethod="Check" ItemsTotal="6897" TaxRate="0" Freight="0" AmountPaid="6897"/><ROW OrderNo="1025" CustNo="1510" SaleDate="19880703" ShipDate="19880704" EmpNo="8" ShipVIA="DHL" Terms="Net 30" PaymentMethod="AmEx" ItemsTotal="930" TaxRate="0" Freight="0" AmountPaid="930"/><ROW OrderNo="1026" CustNo="1624" SaleDate="19880707" ShipDate="19880708" EmpNo="44" ShipVIA="UPS" Terms="Net 30" PaymentMethod="AmEx" ItemsTotal="2920" TaxRate="0" Freight="0" AmountPaid="2920"/><ROW OrderNo="1027" CustNo="1384" SaleDate="19880707" ShipDate="19880708" EmpNo="34" ShipVIA="UPS" Terms="Net 30" PaymentMethod="Visa" ItemsTotal="25210" TaxRate="0" Freight="0" AmountPaid="25210"/><ROW OrderNo="1028" CustNo="1651" SaleDate="19880707" ShipDate="19880708" EmpNo="11" ShipVIA="Emery" Terms="FOB" PaymentMethod="Visa" ItemsTotal="343.8" TaxRate="0" Freight="0" AmountPaid="343.8"/><ROW OrderNo="1029" CustNo="1645" SaleDate="19880718" ShipDate="19880719" EmpNo="110" ShipVIA="FedEx" Terms="FOB" PaymentMethod="MC" ItemsTotal="20108" TaxRate="0" Freight="0" AmountPaid="20108"/><ROW OrderNo="1030" CustNo="3615" SaleDate="19880725" ShipDate="19880726" EmpNo="107" ShipVIA="FedEx" Terms="FOB" PaymentMethod="MC" ItemsTotal="559.6" TaxRate="0" Freight="0" AmountPaid="559.6"/><ROW OrderNo="1031" CustNo="2118" SaleDate="19880728" ShipDate="19880801" EmpNo="127" ShipVIA="FedEx" Terms="FOB" PaymentMethod="Credit" ItemsTotal="12685" TaxRate="0" Freight="0" AmountPaid="12685"/><ROW OrderNo="1032" CustNo="2163" SaleDate="19880728" ShipDate="19880801" EmpNo="144" ShipVIA="FedEx" Terms="FOB" PaymentMethod="Credit" ItemsTotal="775" TaxRate="0" Freight="0" AmountPaid="775"/><ROW OrderNo="1033" CustNo="1384" SaleDate="19880801" ShipDate="19880802" EmpNo="138" ShipVIA="FedEx" Terms="FOB" PaymentMethod="Cash" ItemsTotal="1238" TaxRate="0" Freight="0" AmountPaid="1238"/><ROW OrderNo="1034" CustNo="1680" SaleDate="19880813" ShipDate="19880814" EmpNo="24" ShipVIA="UPS" Terms="FOB" PaymentMethod="Check" ItemsTotal="18532" TaxRate="0" Freight="0" AmountPaid="18532"/><ROW OrderNo="1035" CustNo="1560" SaleDate="19880816" ShipDate="19880817" EmpNo="15" ShipVIA="UPS" Terms="FOB" PaymentMethod="Credit" ItemsTotal="560" TaxRate="0" Freight="0" AmountPaid="560"/><ROW OrderNo="1036" CustNo="5384" SaleDate="19880825" ShipDate="19880826" EmpNo="4" ShipVIA="DHL" Terms="FOB" PaymentMethod="Credit" ItemsTotal="4110" TaxRate="0" Freight="0" AmountPaid="4110"/><ROW OrderNo="1037" CustNo="1984" SaleDate="19880826" ShipDate="19880827" EmpNo="12" ShipVIA="DHL" Terms="FOB" PaymentMethod="Credit" ItemsTotal="3117" TaxRate="0" Freight="0" AmountPaid="3117"/><ROW OrderNo="1038" CustNo="1645" SaleDate="19880826" ShipDate="19880827" EmpNo="72" ShipVIA="DHL" Terms="FOB" PaymentMethod="Visa" ItemsTotal="10152" TaxRate="0" Freight="0" AmountPaid="10152"/><ROW OrderNo="1039" CustNo="3158" SaleDate="19880829" ShipDate="19880901" EmpNo="61" ShipVIA="US Mail" Terms="FOB" PaymentMethod="Visa" ItemsTotal="536.8" TaxRate="0" Freight="0" AmountPaid="536.8"/><ROW OrderNo="1040" CustNo="6812" SaleDate="19880904" ShipDate="19880905" EmpNo="52" ShipVIA="US Mail" Terms="Net 30" PaymentMethod="Visa" ItemsTotal="3632" TaxRate="0" Freight="0" AmountPaid="3632"/><ROW OrderNo="1041" CustNo="4652" SaleDate="19880916" ShipDate="19880917" EmpNo="109" ShipVIA="US Mail" Terms="Net 30" PaymentMethod="AmEx" ItemsTotal="7807" TaxRate="0" Freight="0" AmountPaid="7807"/><ROW OrderNo="1042" CustNo="3984" SaleDate="19880924" ShipDate="19880925" EmpNo="9" ShipVIA="UPS" Terms="Net 30" PaymentMethod="AmEx" ItemsTotal="971.7" TaxRate="0" Freight="0" AmountPaid="971.7"/><ROW OrderNo="1043" CustNo="5132" SaleDate="19880930" ShipDate="19881001" EmpNo="14" ShipVIA="UPS" Terms="Net 30" PaymentMethod="Credit" ItemsTotal="12455" TaxRate="0" Freight="0" AmountPaid="12455"/><ROW OrderNo="1044" CustNo="5515" SaleDate="19881008" ShipDate="19881009" EmpNo="12" ShipVIA="UPS" Terms="FOB" PaymentMethod="Credit" ItemsTotal="64050" TaxRate="0" Freight="0" AmountPaid="64050"/><ROW OrderNo="1045" CustNo="9841" SaleDate="19881016" ShipDate="19881017" EmpNo="36" ShipVIA="FedEx" Terms="FOB" PaymentMethod="Credit" ItemsTotal="787.8" TaxRate="0" Freight="0" AmountPaid="787.8"/><ROW OrderNo="1046" CustNo="2315" SaleDate="19881112" ShipDate="19881113" EmpNo="24" ShipVIA="FedEx" Terms="FOB" PaymentMethod="Check" ItemsTotal="766.8" TaxRate="0" Freight="0" AmountPaid="766.8"/><ROW OrderNo="1047" CustNo="5515" SaleDate="19881127" ShipDate="19881128" EmpNo="44" ShipVIA="FedEx" Terms="FOB" PaymentMethod="Cash" ItemsTotal="15365" TaxRate="0" Freight="0" AmountPaid="15365"/><ROW OrderNo="1048" CustNo="5432" SaleDate="19881202" ShipDate="19881203" EmpNo="118" ShipVIA="FedEx" Terms="FOB" PaymentMethod="Visa" ItemsTotal="7346" TaxRate="0" Freight="0" AmountPaid="7346"/><ROW OrderNo="1049" CustNo="9841" SaleDate="19881213" ShipDate="19881214" EmpNo="107" ShipVIA="UPS" Terms="FOB" PaymentMethod="MC" ItemsTotal="1809.85" TaxRate="0" Freight="0" AmountPaid="1809.85"/><ROW OrderNo="1050" CustNo="3052" SaleDate="19881224" ShipDate="19881225" EmpNo="94" ShipVIA="UPS" Terms="FOB" PaymentMethod="AmEx" ItemsTotal="6287.85" TaxRate="0" Freight="0" AmountPaid="6287.85"/><ROW OrderNo="1051" CustNo="2165" SaleDate="19890104" ShipDate="19890105" EmpNo="2" ShipVIA="FedEx" Terms="Net 30" PaymentMethod="Credit" ItemsTotal="325" TaxRate="0" Freight="0" AmountPaid="325"/><ROW OrderNo="1052" CustNo="1351" SaleDate="19890106" ShipDate="19890107" EmpNo="144" ShipVIA="FedEx" Terms="Net 30" PaymentMethod="Credit" ItemsTotal="16788" TaxRate="0" Freight="0" AmountPaid="16788"/><ROW OrderNo="1053" CustNo="6516" SaleDate="19890115" ShipDate="19890116" EmpNo="145" ShipVIA="FedEx" Terms="Net 30" PaymentMethod="Credit" ItemsTotal="24650" TaxRate="0" Freight="0" AmountPaid="24650"/><ROW OrderNo="1054" CustNo="5432" SaleDate="19890128" ShipDate="19890201" EmpNo="83" ShipVIA="UPS" Terms="Net 30" PaymentMethod="Visa" ItemsTotal="14188" TaxRate="0" Freight="0" AmountPaid="14188"/><ROW OrderNo="1055" CustNo="1351" SaleDate="19890204" ShipDate="19890205" EmpNo="29" ShipVIA="UPS" Terms="Net 30" PaymentMethod="Credit" ItemsTotal="23406" TaxRate="0" Freight="0" AmountPaid="23406"/><ROW OrderNo="1056" CustNo="1513" SaleDate="19890208" ShipDate="19890209" EmpNo="24" ShipVIA="UPS" Terms="Net 30" PaymentMethod="MC" ItemsTotal="19293.7" TaxRate="0" Freight="0" AmountPaid="19293.7"/><ROW OrderNo="1057" CustNo="1563" SaleDate="19890218" ShipDate="19890219" EmpNo="14" ShipVIA="UPS" Terms="Net 30" PaymentMethod="Credit" ItemsTotal="1975" TaxRate="0" Freight="0" AmountPaid="1975"/><ROW OrderNo="1058" CustNo="2118" SaleDate="19890221" ShipDate="19890222" EmpNo="8" ShipVIA="US Mail" Terms="Net 30" PaymentMethod="Credit" ItemsTotal="12736" TaxRate="0" Freight="0" AmountPaid="12736"/><ROW OrderNo="1059" CustNo="1356" SaleDate="19890224" ShipDate="19890225" EmpNo="109" ShipToAddr1="4-976 Sugarloaf Hwy" ShipToAddr2="Suite 103" ShipToCity="Kapaa Kauai" ShipToState="HI" ShipToZip="94766-1234" ShipToCountry="America" ShipToPhone="808-555-0269" ShipVIA="US Mail" Terms="FOB" PaymentMethod="Cash" ItemsTotal="2150" TaxRate="8.5" Freight="0" AmountPaid="2150"/><ROW OrderNo="1060" CustNo="1231" SaleDate="19890228" ShipDate="19890301" EmpNo="94" ShipVIA="US Mail" Terms="FOB" PaymentMethod="Check" ItemsTotal="15355" TaxRate="0" Freight="0" AmountPaid="15355"/><ROW OrderNo="1061" CustNo="1563" SaleDate="19890303" ShipDate="19890304" EmpNo="2" ShipVIA="US Mail" Terms="FOB" PaymentMethod="Credit" ItemsTotal="24277.3" TaxRate="0" Freight="0" AmountPaid="24277.3"/><ROW OrderNo="1062" CustNo="2118" SaleDate="19890308" ShipDate="19890309" EmpNo="11" ShipVIA="US Mail" Terms="FOB" PaymentMethod="Credit" ItemsTotal="18320" TaxRate="0" Freight="0" AmountPaid="18320"/><ROW OrderNo="1063" CustNo="3042" SaleDate="19890313" ShipDate="19890314" EmpNo="24" ShipVIA="US Mail" Terms="FOB" PaymentMethod="Credit" ItemsTotal="61869.3" TaxRate="0" Freight="0" AmountPaid="61869.3"/><ROW OrderNo="1064" CustNo="2118" SaleDate="19890324" ShipDate="19890325" EmpNo="83" ShipVIA="DHL" Terms="Net 30" PaymentMethod="Credit" ItemsTotal="395" TaxRate="0" Freight="0" AmountPaid="395"/><ROW OrderNo="1065" CustNo="6312" SaleDate="19890325" ShipDate="19890326" EmpNo="72" ShipVIA="UPS" Terms="FOB" PaymentMethod="Visa" ItemsTotal="17814" TaxRate="0" Freight="0" AmountPaid="17814"/><ROW OrderNo="1066" CustNo="3054" SaleDate="19890326" ShipDate="19890327" EmpNo="65" ShipVIA="DHL" Terms="Net 30" PaymentMethod="Visa" ItemsTotal="19812" TaxRate="0" Freight="0" AmountPaid="19812"/><ROW OrderNo="1067" CustNo="1351" SaleDate="19890401" ShipDate="19890402" EmpNo="34" ShipVIA="FedEx" Terms="FOB" PaymentMethod="Visa" ItemsTotal="4495" TaxRate="0" Freight="0" AmountPaid="4495"/><ROW OrderNo="1068" CustNo="4531" SaleDate="19890403" ShipDate="19890404" EmpNo="105" ShipVIA="FedEx" Terms="FOB" PaymentMethod="MC" ItemsTotal="31847" TaxRate="0" Freight="0" AmountPaid="31847"/><ROW OrderNo="1069" CustNo="2975" SaleDate="19890405" ShipDate="19890406" EmpNo="136" ShipVIA="UPS" Terms="FOB" PaymentMethod="Credit" ItemsTotal="33829.45" TaxRate="0" Freight="0" AmountPaid="33829.45"/><ROW OrderNo="1070" CustNo="6215" SaleDate="19890407" ShipDate="19890408" EmpNo="144" ShipVIA="DHL" Terms="Net 30" PaymentMethod="Credit" ItemsTotal="22354" TaxRate="0" Freight="0" AmountPaid="22354"/><ROW OrderNo="1071" CustNo="1560" SaleDate="19890409" ShipDate="19890410" EmpNo="114" ShipVIA="FedEx" Terms="Net 30" PaymentMethod="Cash" ItemsTotal="103041" TaxRate="0" Freight="0" AmountPaid="103041"/><ROW OrderNo="1072" CustNo="1356" SaleDate="19890411" ShipDate="19890412" EmpNo="29" ShipVIA="US Mail" Terms="Net 30" PaymentMethod="Cash" ItemsTotal="3596" TaxRate="0" Freight="0" AmountPaid="3596"/><ROW OrderNo="1073" CustNo="1231" SaleDate="19890415" ShipDate="19890416" EmpNo="2" ShipVIA="US Mail" Terms="Net 30" PaymentMethod="MC" ItemsTotal="19414" TaxRate="0" Freight="0" AmountPaid="19414"/><ROW OrderNo="1074" CustNo="1984" SaleDate="19890419" ShipDate="19890420" EmpNo="15" ShipVIA="US Mail" Terms="Net 30" PaymentMethod="MC" ItemsTotal="2195" TaxRate="0" Freight="0" AmountPaid="2195"/><ROW OrderNo="1075" CustNo="1351" SaleDate="19890421" ShipDate="19890422" EmpNo="11" ShipVIA="UPS" Terms="FOB" PaymentMethod="MC" ItemsTotal="8560" TaxRate="0" Freight="0" AmountPaid="8560"/><ROW OrderNo="1076" CustNo="1221" SaleDate="19941216" ShipDate="19890426" EmpNo="9" ShipVIA="UPS" Terms="FOB" PaymentMethod="Visa" ItemsTotal="17781" TaxRate="0" Freight="0" AmountPaid="17781"/><ROW OrderNo="1077" CustNo="1551" SaleDate="19890429" ShipDate="19890501" EmpNo="110" ShipVIA="DHL" Terms="FOB" PaymentMethod="Credit" ItemsTotal="156" TaxRate="0" Freight="0" AmountPaid="156"/><ROW OrderNo="1078" CustNo="3041" SaleDate="19890501" ShipDate="19890502" EmpNo="39" ShipVIA="DHL" Terms="FOB" PaymentMethod="Credit" ItemsTotal="79116" TaxRate="0" Freight="0" AmountPaid="79116"/><ROW OrderNo="1079" CustNo="1380" SaleDate="19890503" ShipDate="19890504" EmpNo="44" ShipVIA="DHL" Terms="FOB" PaymentMethod="Credit" ItemsTotal="4445" TaxRate="0" Freight="0" AmountPaid="4445"/><ROW OrderNo="1080" CustNo="1356" SaleDate="19890505" ShipDate="19890506" EmpNo="45" ShipVIA="UPS" Terms="Net 30" PaymentMethod="Credit" ItemsTotal="9634" TaxRate="0" Freight="0" AmountPaid="9634"/><ROW OrderNo="1081" CustNo="3042" SaleDate="19890507" ShipDate="19890508" EmpNo="109" ShipVIA="FedEx" Terms="Net 30" PaymentMethod="AmEx" ItemsTotal="30566" TaxRate="0" Freight="0" AmountPaid="30566"/><ROW OrderNo="1082" CustNo="1551" SaleDate="19890509" ShipDate="19890510" EmpNo="2" ShipVIA="FedEx" Terms="Net 30" PaymentMethod="AmEx" ItemsTotal="1416.45" TaxRate="0" Freight="0" AmountPaid="1416.45"/><ROW OrderNo="1083" CustNo="1563" SaleDate="19890509" ShipDate="19890510" EmpNo="20" ShipVIA="FedEx" Terms="Net 30" PaymentMethod="Cash" ItemsTotal="11164.8" TaxRate="0" Freight="0" AmountPaid="11164.8"/><ROW OrderNo="1084" CustNo="1680" SaleDate="19890511" ShipDate="19890512" EmpNo="15" ShipVIA="US Mail" Terms="Net 30" PaymentMethod="Cash" ItemsTotal="1185" TaxRate="0" Freight="0" AmountPaid="1185"/><ROW OrderNo="1086" CustNo="1513" SaleDate="19890518" ShipDate="19890519" EmpNo="29" ShipVIA="US Mail" Terms="Net 30" PaymentMethod="Cash" ItemsTotal="14049.95" TaxRate="0" Freight="0" AmountPaid="14049.95"/><ROW OrderNo="1087" CustNo="1351" SaleDate="19890520" ShipDate="19890521" EmpNo="127" ShipVIA="DHL" Terms="Net 30" PaymentMethod="Credit" ItemsTotal="14045" TaxRate="0" Freight="0" AmountPaid="14045"/><ROW OrderNo="1089" CustNo="3151" SaleDate="19890522" ShipDate="19890523" EmpNo="113" ShipVIA="UPS" Terms="FOB" PaymentMethod="Credit" ItemsTotal="2706" TaxRate="0" Freight="0" AmountPaid="2706"/><ROW OrderNo="1090" CustNo="1513" SaleDate="19890525" ShipDate="19890526" EmpNo="94" ShipVIA="DHL" Terms="FOB" PaymentMethod="Credit" ItemsTotal="8507" TaxRate="0" Freight="0" AmountPaid="8507"/><ROW OrderNo="1091" CustNo="1563" SaleDate="19890528" ShipDate="19890601" EmpNo="83" ShipVIA="US Mail" Terms="FOB" PaymentMethod="Credit" ItemsTotal="1950" TaxRate="0" Freight="0" AmountPaid="1950"/><ROW OrderNo="1092" CustNo="6582" SaleDate="19890530" ShipDate="19890601" EmpNo="61" ShipVIA="FedEx" Terms="Net 30" PaymentMethod="Visa" ItemsTotal="76698.75" TaxRate="0" Freight="0" AmountPaid="76698.75"/><ROW OrderNo="1093" CustNo="1680" SaleDate="19890601" ShipDate="19890602" EmpNo="2" ShipVIA="FedEx" Terms="Net 30" PaymentMethod="Visa" ItemsTotal="479.8" TaxRate="0" Freight="0" AmountPaid="479.8"/><ROW OrderNo="1094" CustNo="5163" SaleDate="19890603" ShipDate="19890604" EmpNo="4" ShipVIA="FedEx" Terms="FOB" PaymentMethod="MC" ItemsTotal="4113.75" TaxRate="0" Freight="0" AmountPaid="0"/><ROW OrderNo="1095" CustNo="2156" SaleDate="19890605" ShipDate="19890606" EmpNo="36" ShipVIA="US Mail" Terms="Net 30" PaymentMethod="MC" ItemsTotal="7531.75" TaxRate="0" Freight="0" AmountPaid="0"/><ROW OrderNo="1096" CustNo="2354" SaleDate="19890609" ShipDate="19890609" EmpNo="34" ShipVIA="DHL" Terms="Net 30" PaymentMethod="MC" ItemsTotal="123740" TaxRate="0" Freight="0" AmountPaid="0"/><ROW OrderNo="1097" CustNo="3615" SaleDate="19890612" ShipDate="19890612" EmpNo="107" ShipVIA="UPS" Terms="Net 30" PaymentMethod="MC" ItemsTotal="12953.6" TaxRate="0" Freight="0" AmountPaid="0"/><ROW OrderNo="1098" CustNo="2315" SaleDate="19890614" ShipDate="19890614" EmpNo="118" ShipVIA="UPS" Terms="Net 30" PaymentMethod="Credit" ItemsTotal="472.9" TaxRate="0" Freight="0" AmountPaid="0"/><ROW OrderNo="1099" CustNo="1984" SaleDate="19890616" ShipDate="19890616" EmpNo="138" ShipVIA="UPS" Terms="Net 30" PaymentMethod="Credit" ItemsTotal="859.95" TaxRate="0" Freight="0" AmountPaid="0"/><ROW OrderNo="1100" CustNo="1384" SaleDate="19890620" ShipDate="19890620" EmpNo="9" ShipVIA="UPS" Terms="FOB" PaymentMethod="Credit" ItemsTotal="6094.8" TaxRate="0" Freight="0" AmountPaid="0"/><ROW OrderNo="1101" CustNo="2165" SaleDate="19890704" ShipDate="19890704" EmpNo="37" ShipVIA="UPS" Terms="FOB" PaymentMethod="Credit" ItemsTotal="11629.85" TaxRate="0" Freight="0" AmountPaid="0"/><ROW OrderNo="1102" CustNo="1231" SaleDate="19920606" ShipDate="19920606" EmpNo="105" ShipVIA="UPS" Terms="FOB" PaymentMethod="Credit" ItemsTotal="2844" TaxRate="0" Freight="0" AmountPaid="2844"/><ROW OrderNo="1103" CustNo="3042" SaleDate="19920713" ShipDate="19920713" EmpNo="94" ShipVIA="UPS" Terms="FOB" PaymentMethod="Credit" ItemsTotal="39797.7" TaxRate="0" Freight="0" AmountPaid="39797.7"/><ROW OrderNo="1104" CustNo="1354" SaleDate="19920718" ShipDate="19920718" EmpNo="83" ShipVIA="DHL" Terms="FOB" PaymentMethod="Check" ItemsTotal="51673.14999999999" TaxRate="0" Freight="0" AmountPaid="51673.15"/><ROW OrderNo="1105" CustNo="1356" SaleDate="19920721" ShipDate="19920721" EmpNo="28" ShipVIA="UPS" Terms="FOB" PaymentMethod="Visa" ItemsTotal="31219.95" TaxRate="0" Freight="0" AmountPaid="31219.95"/><ROW OrderNo="1106" CustNo="1380" SaleDate="19920923" ShipDate="19920923" EmpNo="15" ShipVIA="Emery" Terms="FOB" PaymentMethod="Visa" ItemsTotal="3531.8" TaxRate="0" Freight="0" AmountPaid="3531.8"/><ROW OrderNo="1107" CustNo="1384" SaleDate="19921024" ShipDate="19921024" EmpNo="134" ShipVIA="US Mail" Terms="FOB" PaymentMethod="Visa" ItemsTotal="28389" TaxRate="0" Freight="0" AmountPaid="28389"/><ROW OrderNo="1109" CustNo="1513" SaleDate="19921113" ShipDate="19921113" EmpNo="145" ShipVIA="US Mail" Terms="Net 30" PaymentMethod="COD" ItemsTotal="203" TaxRate="0" Freight="0" AmountPaid="203"/><ROW OrderNo="1111" CustNo="1560" SaleDate="19921214" ShipDate="19921214" EmpNo="2" ShipVIA="UPS" Terms="Net 30" PaymentMethod="COD" ItemsTotal="4720.8" TaxRate="0" Freight="0" AmountPaid="4720.8"/><ROW OrderNo="1112" CustNo="4531" SaleDate="19930102" ShipDate="19930102" EmpNo="61" ShipVIA="UPS" Terms="Net 30" PaymentMethod="Credit" ItemsTotal="5565" TaxRate="0" Freight="0" AmountPaid="0"/><ROW OrderNo="1113" CustNo="1624" SaleDate="19930212" ShipDate="19930212" EmpNo="9" ShipVIA="Emery" Terms="Net 30" PaymentMethod="Credit" ItemsTotal="2514.65" TaxRate="0" Freight="0" AmountPaid="0"/><ROW OrderNo="1115" CustNo="4684" SaleDate="19930313" ShipDate="19930313" EmpNo="29" ShipVIA="Emery" Terms="FOB" PaymentMethod="MC" ItemsTotal="4894.95" TaxRate="0" Freight="0" AmountPaid="0"/><ROW OrderNo="1116" CustNo="1680" SaleDate="19930321" ShipDate="19930321" EmpNo="113" ShipVIA="UPS" Terms="FOB" PaymentMethod="AmEx" ItemsTotal="23104" TaxRate="0" Freight="0" AmountPaid="0"/><ROW OrderNo="1117" CustNo="1984" SaleDate="19930413" ShipDate="19930413" EmpNo="44" ShipVIA="DHL" Terms="FOB" PaymentMethod="Check" ItemsTotal="6734.85" TaxRate="0" Freight="0" AmountPaid="0"/><ROW OrderNo="1118" CustNo="2118" SaleDate="19930423" ShipDate="19930423" EmpNo="34" ShipVIA="DHL" Terms="FOB" PaymentMethod="Check" ItemsTotal="21614" TaxRate="0" Freight="0" AmountPaid="21614"/><ROW OrderNo="1119" CustNo="5384" SaleDate="19930515" ShipDate="19930515" EmpNo="2" ShipVIA="DHL" Terms="Net 30" PaymentMethod="Credit" ItemsTotal="14557.95" TaxRate="0" Freight="0" AmountPaid="14557.95"/><ROW OrderNo="1120" CustNo="2156" SaleDate="19930525" ShipDate="19930525" EmpNo="46" ShipVIA="DHL" Terms="Net 30" PaymentMethod="Credit" ItemsTotal="784.9" TaxRate="0" Freight="0" AmountPaid="784.9"/><ROW OrderNo="1121" CustNo="2163" SaleDate="19930602" ShipDate="19930602" EmpNo="85" ShipVIA="UPS" Terms="Net 30" PaymentMethod="Credit" ItemsTotal="820" TaxRate="0" Freight="0" AmountPaid="820"/><ROW OrderNo="1122" CustNo="2163" SaleDate="19930723" ShipDate="19930723" EmpNo="141" ShipVIA="UPS" Terms="Net 30" PaymentMethod="Credit" ItemsTotal="44854" TaxRate="0" Freight="0" AmountPaid="44854"/><ROW OrderNo="1123" CustNo="1221" SaleDate="19930824" ShipDate="19930824" EmpNo="121" ShipVIA="UPS" Terms="Net 30" PaymentMethod="Check" ItemsTotal="13945" TaxRate="0" Freight="0" AmountPaid="13945"/><ROW OrderNo="1124" CustNo="1384" SaleDate="19930901" ShipDate="19930901" EmpNo="71" ShipVIA="UPS" Terms="Net 30" PaymentMethod="Check" ItemsTotal="33071" TaxRate="0" Freight="0" AmountPaid="33071"/><ROW OrderNo="1125" CustNo="1510" SaleDate="19930904" ShipDate="19930904" EmpNo="44" ShipVIA="DHL" Terms="Net 30" PaymentMethod="AmEx" ItemsTotal="6583.8" TaxRate="0" Freight="0" AmountPaid="6583.8"/><ROW OrderNo="1126" CustNo="1624" SaleDate="19931001" ShipDate="19931001" EmpNo="45" ShipVIA="UPS" Terms="Net 30" PaymentMethod="AmEx" ItemsTotal="10107" TaxRate="0" Freight="0" AmountPaid="10107"/><ROW OrderNo="1127" CustNo="1384" SaleDate="19931002" ShipDate="19931002" EmpNo="65" ShipVIA="UPS" Terms="Net 30" PaymentMethod="Visa" ItemsTotal="25071" TaxRate="0" Freight="0" AmountPaid="25071"/><ROW OrderNo="1128" CustNo="1651" SaleDate="19931008" ShipDate="19931008" EmpNo="37" ShipVIA="Emery" Terms="FOB" PaymentMethod="Visa" ItemsTotal="8294" TaxRate="0" Freight="0" AmountPaid="8294"/><ROW OrderNo="1129" CustNo="1645" SaleDate="19931019" ShipDate="19931019" EmpNo="24" ShipVIA="FedEx" Terms="FOB" PaymentMethod="MC" ItemsTotal="1004.8" TaxRate="0" Freight="0" AmountPaid="1004.8"/><ROW OrderNo="1130" CustNo="4312" SaleDate="19931026" ShipDate="19931026" EmpNo="114" ShipVIA="FedEx" Terms="FOB" PaymentMethod="MC" ItemsTotal="6300" TaxRate="0" Freight="0" AmountPaid="6300"/><ROW OrderNo="1131" CustNo="2118" SaleDate="19931101" ShipDate="19931101" EmpNo="134" ShipVIA="FedEx" Terms="FOB" PaymentMethod="Credit" ItemsTotal="11989.2" TaxRate="0" Freight="0" AmountPaid="11989.2"/><ROW OrderNo="1132" CustNo="2163" SaleDate="19931101" ShipDate="19931101" EmpNo="121" ShipVIA="FedEx" Terms="FOB" PaymentMethod="Credit" ItemsTotal="906" TaxRate="0" Freight="0" AmountPaid="906"/><ROW OrderNo="1133" CustNo="3151" SaleDate="19931102" ShipDate="19931102" EmpNo="138" ShipVIA="FedEx" Terms="FOB" PaymentMethod="Cash" ItemsTotal="2419" TaxRate="0" Freight="0" AmountPaid="2419"/><ROW OrderNo="1134" CustNo="5151" SaleDate="19931114" ShipDate="19931114" EmpNo="94" ShipVIA="UPS" Terms="FOB" PaymentMethod="Check" ItemsTotal="6675.95" TaxRate="0" Freight="0" AmountPaid="6675.95"/><ROW OrderNo="1136" CustNo="2163" SaleDate="19931127" ShipDate="19931127" EmpNo="71" ShipVIA="DHL" Terms="FOB" PaymentMethod="Credit" ItemsTotal="2971" TaxRate="0" Freight="0" AmountPaid="2971"/><ROW OrderNo="1137" CustNo="1984" SaleDate="19931127" ShipDate="19931127" EmpNo="11" ShipVIA="DHL" Terms="FOB" PaymentMethod="Credit" ItemsTotal="6785.4" TaxRate="0" Freight="0" AmountPaid="6785.4"/><ROW OrderNo="1139" CustNo="1510" SaleDate="19931201" ShipDate="19931201" EmpNo="29" ShipVIA="US Mail" Terms="FOB" PaymentMethod="Visa" ItemsTotal="47710.75" TaxRate="0" Freight="0" AmountPaid="47710.75"/><ROW OrderNo="1140" CustNo="6812" SaleDate="19931212" ShipDate="19931212" EmpNo="52" ShipVIA="US Mail" Terms="Net 30" PaymentMethod="Visa" ItemsTotal="1240" TaxRate="0" Freight="0" AmountPaid="1240"/><ROW OrderNo="1141" CustNo="4652" SaleDate="19931217" ShipDate="19931217" EmpNo="83" ShipVIA="US Mail" Terms="Net 30" PaymentMethod="AmEx" ItemsTotal="1846" TaxRate="0" Freight="0" AmountPaid="1846"/><ROW OrderNo="1142" CustNo="3984" SaleDate="19931225" ShipDate="19931225" EmpNo="105" ShipVIA="UPS" Terms="Net 30" PaymentMethod="AmEx" ItemsTotal="3546" TaxRate="0" Freight="0" AmountPaid="3546"/><ROW OrderNo="1143" CustNo="5132" SaleDate="19940101" ShipDate="19940101" EmpNo="113" ShipVIA="UPS" Terms="Net 30" PaymentMethod="Credit" ItemsTotal="3087" TaxRate="0" Freight="0" AmountPaid="3087"/><ROW OrderNo="1144" CustNo="5515" SaleDate="19940109" ShipDate="19940109" EmpNo="134" ShipVIA="UPS" Terms="FOB" PaymentMethod="Credit" ItemsTotal="10054" TaxRate="0" Freight="0" AmountPaid="10054"/><ROW OrderNo="1145" CustNo="9841" SaleDate="19940117" ShipDate="19940117" EmpNo="144" ShipVIA="FedEx" Terms="FOB" PaymentMethod="Credit" ItemsTotal="4229.8" TaxRate="0" Freight="0" AmountPaid="4229.8"/><ROW OrderNo="1146" CustNo="2315" SaleDate="19940213" ShipDate="19940213" EmpNo="94" ShipVIA="FedEx" Terms="FOB" PaymentMethod="Check" ItemsTotal="15052" TaxRate="0" Freight="0" AmountPaid="15052"/><ROW OrderNo="1148" CustNo="1563" SaleDate="19940303" ShipDate="19940303" EmpNo="83" ShipVIA="FedEx" Terms="FOB" PaymentMethod="Visa" ItemsTotal="5011" TaxRate="0" Freight="0" AmountPaid="5011"/><ROW OrderNo="1149" CustNo="9841" SaleDate="19940314" ShipDate="19940314" EmpNo="52" ShipVIA="UPS" Terms="FOB" PaymentMethod="MC" ItemsTotal="12900.75" TaxRate="0" Freight="0" AmountPaid="12900.75"/><ROW OrderNo="1150" CustNo="3052" SaleDate="19940325" ShipDate="19940325" EmpNo="44" ShipVIA="UPS" Terms="FOB" PaymentMethod="AmEx" ItemsTotal="7671.9" TaxRate="0" Freight="0" AmountPaid="7671.9"/><ROW OrderNo="1152" CustNo="1351" SaleDate="19940407" ShipDate="19940407" EmpNo="24" ShipVIA="FedEx" Terms="Net 30" PaymentMethod="Credit" ItemsTotal="97698.59999999999" TaxRate="0" Freight="0" AmountPaid="97698.60000000001"/><ROW OrderNo="1153" CustNo="1380" SaleDate="19940416" ShipDate="19940416" EmpNo="4" ShipVIA="FedEx" Terms="Net 30" PaymentMethod="Credit" ItemsTotal="3860.85" TaxRate="0" Freight="0" AmountPaid="3860.85"/><ROW OrderNo="1154" CustNo="1560" SaleDate="19940501" ShipDate="19940501" EmpNo="9" ShipVIA="UPS" Terms="Net 30" PaymentMethod="Visa" ItemsTotal="13226.8" TaxRate="0" Freight="0" AmountPaid="13226.8"/><ROW OrderNo="1155" CustNo="1351" SaleDate="19940505" ShipDate="19940505" EmpNo="37" ShipVIA="UPS" Terms="Net 30" PaymentMethod="Credit" ItemsTotal="13935.95" TaxRate="0" Freight="0" AmountPaid="13935.95"/><ROW OrderNo="1156" CustNo="1513" SaleDate="19940509" ShipDate="19940509" EmpNo="46" ShipVIA="UPS" Terms="Net 30" PaymentMethod="MC" ItemsTotal="12367" TaxRate="0" Freight="0" AmountPaid="12367"/><ROW OrderNo="1158" CustNo="5165" SaleDate="19940522" ShipDate="19940522" EmpNo="141" ShipVIA="US Mail" Terms="Net 30" PaymentMethod="Credit" ItemsTotal="9793.549999999999" TaxRate="0" Freight="0" AmountPaid="9793.549999999999"/><ROW OrderNo="1160" CustNo="1231" SaleDate="19940601" ShipDate="19940601" EmpNo="110" ShipVIA="US Mail" Terms="FOB" PaymentMethod="Check" ItemsTotal="2206.85" TaxRate="0" Freight="0" AmountPaid="2206.85"/><ROW OrderNo="1161" CustNo="1563" SaleDate="19940604" ShipDate="19940604" EmpNo="94" ShipVIA="US Mail" Terms="FOB" PaymentMethod="Credit" ItemsTotal="102453.6" TaxRate="0" Freight="0" AmountPaid="102453.6"/><ROW OrderNo="1162" CustNo="2118" SaleDate="19940609" ShipDate="19940609" EmpNo="114" ShipVIA="US Mail" Terms="FOB" PaymentMethod="Credit" ItemsTotal="3153" TaxRate="0" Freight="0" AmountPaid="3153"/><ROW OrderNo="1163" CustNo="1351" SaleDate="19940614" ShipDate="19940614" EmpNo="83" ShipVIA="US Mail" Terms="FOB" PaymentMethod="Credit" ItemsTotal="342" TaxRate="0" Freight="0" AmountPaid="342"/><ROW OrderNo="1165" CustNo="1513" SaleDate="19940626" ShipDate="19940626" EmpNo="72" ShipVIA="UPS" Terms="FOB" PaymentMethod="Visa" ItemsTotal="2692.85" TaxRate="0" Freight="0" AmountPaid="2692.85"/><ROW OrderNo="1166" CustNo="3054" SaleDate="19940701" ShipDate="19940701" EmpNo="71" ShipVIA="DHL" Terms="Net 30" PaymentMethod="Visa" ItemsTotal="28862" TaxRate="0" Freight="0" AmountPaid="28862"/><ROW OrderNo="1168" CustNo="1563" SaleDate="19940704" ShipDate="19940704" EmpNo="9" ShipVIA="FedEx" Terms="FOB" PaymentMethod="MC" ItemsTotal="104" TaxRate="0" Freight="0" AmountPaid="104"/><ROW OrderNo="1169" CustNo="1221" SaleDate="19940706" ShipDate="19940706" EmpNo="12" ShipVIA="UPS" Terms="FOB" PaymentMethod="Credit" ItemsTotal="9471.950000000001" TaxRate="0" Freight="0" AmountPaid="9471.950000000001"/><ROW OrderNo="1170" CustNo="1551" SaleDate="19940708" ShipDate="19940708" EmpNo="20" ShipVIA="DHL" Terms="Net 30" PaymentMethod="Credit" ItemsTotal="5654.8" TaxRate="0" Freight="0" AmountPaid="5654.8"/><ROW OrderNo="1171" CustNo="1560" SaleDate="19940710" ShipDate="19940710" EmpNo="136" ShipVIA="FedEx" Terms="Net 30" PaymentMethod="Cash" ItemsTotal="2356.9" TaxRate="0" Freight="0" AmountPaid="2356.9"/><ROW OrderNo="1173" CustNo="1231" SaleDate="19940716" ShipDate="19940716" EmpNo="127" ShipVIA="US Mail" Terms="Net 30" PaymentMethod="MC" ItemsTotal="54" TaxRate="0" Freight="0" AmountPaid="54"/><ROW OrderNo="1175" CustNo="3051" SaleDate="19940722" ShipDate="19940722" EmpNo="110" ShipVIA="UPS" Terms="FOB" PaymentMethod="MC" ItemsTotal="13814.05" TaxRate="0" Freight="0" AmountPaid="13814.05"/><ROW OrderNo="1176" CustNo="1221" SaleDate="19940726" ShipDate="19940726" EmpNo="52" ShipVIA="UPS" Terms="FOB" PaymentMethod="Visa" ItemsTotal="4178.85" TaxRate="0" Freight="0" AmountPaid="4178.85"/><ROW OrderNo="1178" CustNo="1231" SaleDate="19940802" ShipDate="19940802" EmpNo="24" ShipVIA="DHL" Terms="FOB" PaymentMethod="Credit" ItemsTotal="5511.75" TaxRate="0" Freight="0" AmountPaid="5511.75"/><ROW OrderNo="1180" CustNo="1356" SaleDate="19940806" ShipDate="19940806" EmpNo="144" ShipVIA="UPS" Terms="Net 30" PaymentMethod="Credit" ItemsTotal="3640" TaxRate="0" Freight="0" AmountPaid="3640"/><ROW OrderNo="1183" CustNo="4531" SaleDate="19940810" ShipDate="19940810" EmpNo="5" ShipVIA="FedEx" Terms="Net 30" PaymentMethod="Cash" ItemsTotal="3650" TaxRate="0" Freight="0" AmountPaid="3650"/><ROW OrderNo="1195" CustNo="5384" SaleDate="19940906" ShipDate="19940906" EmpNo="20" ShipVIA="US Mail" Terms="Net 30" PaymentMethod="MC" ItemsTotal="7868" TaxRate="0" Freight="0" AmountPaid="7868"/><ROW OrderNo="1196" CustNo="2354" SaleDate="19940908" ShipDate="19940908" EmpNo="9" ShipVIA="DHL" Terms="Net 30" PaymentMethod="MC" ItemsTotal="5983" TaxRate="0" Freight="0" AmountPaid="5983"/><ROW OrderNo="1197" CustNo="1513" SaleDate="19940912" ShipDate="19940912" EmpNo="71" ShipVIA="UPS" Terms="Net 30" PaymentMethod="MC" ItemsTotal="6731" TaxRate="0" Freight="0" AmountPaid="6731"/><ROW OrderNo="1198" CustNo="2315" SaleDate="19940914" ShipDate="19940914" EmpNo="65" ShipVIA="UPS" Terms="Net 30" PaymentMethod="Credit" ItemsTotal="72089.90000000001" TaxRate="0" Freight="0" AmountPaid="72089.89999999999"/><ROW OrderNo="1199" CustNo="5163" SaleDate="19940916" ShipDate="19940916" EmpNo="85" ShipVIA="UPS" Terms="Net 30" PaymentMethod="Credit" ItemsTotal="716" TaxRate="0" Freight="0" AmountPaid="716"/><ROW OrderNo="1200" CustNo="1384" SaleDate="19940920" ShipDate="19940920" EmpNo="107" ShipVIA="UPS" Terms="FOB" PaymentMethod="Credit" ItemsTotal="1827" TaxRate="0" Freight="0" AmountPaid="1827"/><ROW OrderNo="1201" CustNo="2984" SaleDate="19941004" ShipDate="19941004" EmpNo="114" ShipVIA="UPS" Terms="FOB" PaymentMethod="Credit" ItemsTotal="7990" TaxRate="0" Freight="0" AmountPaid="7990"/><ROW OrderNo="1202" CustNo="1231" SaleDate="19941006" ShipDate="19941006" EmpNo="145" ShipVIA="UPS" Terms="FOB" PaymentMethod="Credit" ItemsTotal="4205" TaxRate="0" Freight="0" AmountPaid="4205"/><ROW OrderNo="1204" CustNo="3053" SaleDate="19941018" ShipDate="19941018" EmpNo="141" ShipVIA="DHL" Terms="FOB" PaymentMethod="Check" ItemsTotal="10263.75" TaxRate="0" Freight="0" AmountPaid="10263.75"/><ROW OrderNo="1205" CustNo="3054" SaleDate="19941021" ShipDate="19941021" EmpNo="8" ShipVIA="UPS" Terms="FOB" PaymentMethod="Visa" ItemsTotal="4029.55" TaxRate="0" Freight="0" AmountPaid="4029.55"/><ROW OrderNo="1207" CustNo="1384" SaleDate="19941111" ShipDate="19941111" EmpNo="52" ShipVIA="US Mail" Terms="FOB" PaymentMethod="Visa" ItemsTotal="12949.7" TaxRate="0" Freight="0" AmountPaid="12949.7"/><ROW OrderNo="1209" CustNo="1513" SaleDate="19941112" ShipDate="19941112" EmpNo="61" ShipVIA="US Mail" Terms="Net 30" PaymentMethod="COD" ItemsTotal="20711.9" TaxRate="0" Freight="0" AmountPaid="20711.9"/><ROW OrderNo="1212" CustNo="1563" SaleDate="19941114" ShipDate="19941114" EmpNo="4" ShipVIA="UPS" Terms="Net 30" PaymentMethod="Credit" ItemsTotal="3975.75" TaxRate="0" Freight="0" AmountPaid="3975.75"/><ROW OrderNo="1215" CustNo="1651" SaleDate="19941116" ShipDate="19941116" EmpNo="34" ShipVIA="Emery" Terms="FOB" PaymentMethod="MC" ItemsTotal="8305.949999999999" TaxRate="0" Freight="0" AmountPaid="8305.950000000001"/><ROW OrderNo="1217" CustNo="1984" SaleDate="19941122" ShipDate="19941122" EmpNo="14" ShipVIA="DHL" Terms="FOB" PaymentMethod="Check" ItemsTotal="51730.8" TaxRate="0" Freight="0" AmountPaid="51730.8"/><ROW OrderNo="1221" CustNo="2163" SaleDate="19941123" ShipDate="19941123" EmpNo="2" ShipVIA="UPS" Terms="Net 30" PaymentMethod="Credit" ItemsTotal="2099" TaxRate="0" Freight="0" AmountPaid="2099"/><ROW OrderNo="1250" CustNo="3052" SaleDate="19941124" ShipDate="19941124" EmpNo="61" ShipVIA="UPS" Terms="FOB" PaymentMethod="AmEx" ItemsTotal="45160.10000000001" TaxRate="0" Freight="0" AmountPaid="45160.1"/><ROW OrderNo="1253" CustNo="1380" SaleDate="19941126" ShipDate="19941126" EmpNo="46" ShipVIA="FedEx" Terms="Net 30" PaymentMethod="Credit" ItemsTotal="4774.85" TaxRate="0" Freight="0" AmountPaid="4774.85"/><ROW OrderNo="1255" CustNo="1351" SaleDate="19941209" ShipDate="19941209" EmpNo="127" ShipVIA="UPS" Terms="Net 30" PaymentMethod="Credit" ItemsTotal="64115.75" TaxRate="0" Freight="0" AmountPaid="64115.75"/><ROW OrderNo="1260" CustNo="3041" SaleDate="19941210" ShipDate="19941210" EmpNo="107" ShipVIA="US Mail" Terms="FOB" PaymentMethod="Check" ItemsTotal="2577.85" TaxRate="0" Freight="0" AmountPaid="2577.85"/><ROW OrderNo="1261" CustNo="1563" SaleDate="19941211" ShipDate="19941211" EmpNo="45" ShipVIA="US Mail" Terms="FOB" PaymentMethod="Credit" ItemsTotal="1999" TaxRate="0" Freight="0" AmountPaid="1999"/><ROW OrderNo="1263" CustNo="3053" SaleDate="19941214" ShipDate="19941214" EmpNo="44" ShipVIA="US Mail" Terms="FOB" PaymentMethod="Credit" ItemsTotal="158922.65" TaxRate="0" Freight="0" AmountPaid="158922.65"/><ROW OrderNo="1266" CustNo="1356" SaleDate="19941215" ShipDate="19941215" EmpNo="71" ShipVIA="DHL" Terms="Net 30" PaymentMethod="Visa" ItemsTotal="6935" TaxRate="0" Freight="0" AmountPaid="6935"/><ROW OrderNo="1269" CustNo="1221" SaleDate="19941216" ShipDate="19941216" EmpNo="28" ShipVIA="UPS" Terms="FOB" PaymentMethod="Credit" ItemsTotal="1400" TaxRate="0" Freight="0" AmountPaid="1400"/><ROW OrderNo="1271" CustNo="1560" SaleDate="19941220" ShipDate="19941220" EmpNo="145" ShipVIA="FedEx" Terms="Net 30" PaymentMethod="Cash" ItemsTotal="304" TaxRate="0" Freight="0" AmountPaid="304"/><ROW OrderNo="1275" CustNo="1351" SaleDate="19941222" ShipDate="19941222" EmpNo="20" ShipVIA="UPS" Terms="FOB" PaymentMethod="MC" ItemsTotal="16939.5" TaxRate="0" Freight="0" AmountPaid="16939.5"/><ROW OrderNo="1278" CustNo="1231" SaleDate="19941223" ShipDate="19941223" EmpNo="71" ShipVIA="DHL" Terms="FOB" PaymentMethod="Credit" ItemsTotal="11568" TaxRate="0" Freight="0" AmountPaid="11568"/><ROW OrderNo="1280" CustNo="1356" SaleDate="19941226" ShipDate="19941226" EmpNo="118" ShipVIA="UPS" Terms="Net 30" PaymentMethod="Credit" ItemsTotal="4317.75" TaxRate="0" Freight="0" AmountPaid="4317.75"/><ROW OrderNo="1283" CustNo="1563" SaleDate="19941230" ShipDate="19941230" EmpNo="113" ShipVIA="FedEx" Terms="Net 30" PaymentMethod="Cash" ItemsTotal="7134" TaxRate="0" Freight="0" AmountPaid="7134"/><ROW OrderNo="1292" CustNo="1354" SaleDate="19950101" ShipDate="19950101" EmpNo="136" ShipVIA="FedEx" Terms="Net 30" PaymentMethod="Visa" ItemsTotal="7986.9" TaxRate="0" Freight="0" AmountPaid="7986.9"/><ROW OrderNo="1294" CustNo="1984" SaleDate="19950104" ShipDate="19950104" EmpNo="85" ShipVIA="FedEx" Terms="FOB" PaymentMethod="MC" ItemsTotal="3304.85" TaxRate="0" Freight="0" AmountPaid="3304.85"/><ROW OrderNo="1295" CustNo="2156" SaleDate="19950106" ShipDate="19950106" EmpNo="45" ShipVIA="US Mail" Terms="Net 30" PaymentMethod="MC" ItemsTotal="17917" TaxRate="0" Freight="0" AmountPaid="17917"/><ROW OrderNo="1296" CustNo="5412" SaleDate="19950108" ShipDate="19950108" EmpNo="34" ShipVIA="DHL" Terms="Net 30" PaymentMethod="MC" ItemsTotal="7423.349999999999" TaxRate="0" Freight="0" AmountPaid="7423.35"/><ROW OrderNo="1298" CustNo="2315" SaleDate="19950109" ShipDate="19950109" EmpNo="11" ShipVIA="UPS" Terms="Net 30" PaymentMethod="Credit" ItemsTotal="9897" TaxRate="0" Freight="0" AmountPaid="9897"/><ROW OrderNo="1300" CustNo="1384" SaleDate="19950110" ShipDate="19950110" EmpNo="28" ShipVIA="UPS" Terms="FOB" PaymentMethod="Credit" ItemsTotal="52729.25" TaxRate="0" Freight="0" AmountPaid="52729.25"/><ROW OrderNo="1302" CustNo="1231" SaleDate="19950116" ShipDate="19950116" EmpNo="52" ShipVIA="UPS" Terms="FOB" PaymentMethod="Credit" ItemsTotal="24485" TaxRate="0" Freight="0" AmountPaid="24485"/><ROW OrderNo="1305" CustNo="1356" SaleDate="19950120" ShipDate="19950120" EmpNo="65" ShipVIA="UPS" Terms="FOB" PaymentMethod="Visa" ItemsTotal="3065" TaxRate="0" Freight="0" AmountPaid="3065"/><ROW OrderNo="1309" CustNo="3615" SaleDate="19950122" ShipDate="19950122" EmpNo="94" ShipVIA="US Mail" Terms="Net 30" PaymentMethod="COD" ItemsTotal="465" TaxRate="0" Freight="0" AmountPaid="465"/><ROW OrderNo="1315" CustNo="1651" SaleDate="19950126" ShipDate="19950126" EmpNo="121" ShipVIA="Emery" Terms="FOB" PaymentMethod="MC" ItemsTotal="5037.1" TaxRate="0" Freight="0" AmountPaid="5037.1"/><ROW OrderNo="1317" CustNo="1984" SaleDate="19950201" ShipDate="19950201" EmpNo="138" ShipVIA="DHL" Terms="FOB" PaymentMethod="Check" ItemsTotal="7572" TaxRate="0" Freight="0" AmountPaid="7572"/><ROW OrderNo="1350" CustNo="3052" SaleDate="19950202" ShipDate="19950202" EmpNo="71" ShipVIA="UPS" Terms="FOB" PaymentMethod="AmEx" ItemsTotal="8939.6" TaxRate="0" Freight="0" AmountPaid="8939.6"/><ROW OrderNo="1355" CustNo="3053" SaleDate="19950205" ShipDate="19950205" EmpNo="141" ShipVIA="UPS" Terms="Net 30" PaymentMethod="Credit" ItemsTotal="13908" TaxRate="0" Freight="0" AmountPaid="13908"/><ROW OrderNo="1860" CustNo="3615" SaleDate="19960204" EmpNo="9" ShipVIA="UPS" Terms="net 30" PaymentMethod="Check" ItemsTotal="65" TaxRate="0" Freight="0" AmountPaid="0"/></ROWDATA></DATAPACKET>