<?xml version="1.0" standalone="yes"?>  <DATAPACKET Version="2.0"><METADATA><FIELDS><FIELD attrname="VendorNo" fieldtype="r8"/><FIELD attrname="VendorName" fieldtype="string" WIDTH="30"/><FIELD attrname="Address1" fieldtype="string" WIDTH="30"/><FIELD attrname="Address2" fieldtype="string" WIDTH="30"/><FIELD attrname="City" fieldtype="string" WIDTH="20"/><FIELD attrname="State" fieldtype="string" WIDTH="20"/><FIELD attrname="Zip" fieldtype="string" WIDTH="10"/><FIELD attrname="Country" fieldtype="string" WIDTH="15"/><FIELD attrname="Phone" fieldtype="string" WIDTH="15"/><FIELD attrname="FAX" fieldtype="string" WIDTH="15"/><FIELD attrname="Preferred" fieldtype="boolean"/></FIELDS><PARAMS DEFAULT_ORDER="1" PRIMARY_KEY="1" LCID="1033"/></METADATA><ROWDATA><ROW VendorNo="2014" VendorName="Cacor Corporation" Address1="161 Southfield Rd" City="Southfield" State="OH" Zip="60093" Country="U.S.A." Phone="708-555-9555" FAX="708-555-7547" Preferred="TRUE"/><ROW VendorNo="2641" VendorName="Underwater" Address1="50 N 3rd Street" City="Indianapolis" State="IN" Zip="46208" Country="U.S.A." Phone="317-555-4523" Preferred="TRUE"/><ROW VendorNo="2674" VendorName="J.W.  Luscher Mfg." Address1="65 Addams Street" City="Berkely" State="MA" Zip="02779" Country="U.S.A." Phone="800-555-4744" FAX="508-555-8949" Preferred="FALSE"/><ROW VendorNo="3511" VendorName="Scuba Professionals" Address1="3105 East Brace" City="Rancho Dominguez" State="CA" Zip="90221" Country="U.S.A." Phone="213-555-7850" Preferred="TRUE"/><ROW VendorNo="3819" VendorName="Divers&apos;  Supply Shop" Address1="5208 University Dr" City="Macon" State="GA" Zip="20865" Country="U.S.A." Phone="912-555-6790" FAX="912-555-8474" Preferred="FALSE"/><ROW VendorNo="3820" VendorName="Techniques" Address1="52 Dolphin Drive" City="Redwood City" State="CA" Zip="94065-1086" Country="U.S.A." Phone="415-555-1410" FAX="415-555-1276" Preferred="FALSE"/><ROW VendorNo="4521" VendorName="Perry Scuba" Address1="3443 James Ave" City="Hapeville" State="GA" Zip="30354" Country="U.S.A." Phone="800-555-6220" FAX="404-555-8280" Preferred="TRUE"/><ROW VendorNo="4642" VendorName="Beauchat, Inc." Address1="45900 SW 2nd Ave" City="Ft Lauderdale" State="FL" Zip="33315" Country="U.S.A." Phone="305-555-7242" FAX="305-555-6739" Preferred="TRUE"/><ROW VendorNo="4651" VendorName="Amor Aqua" Address1="42 West 29th Street" City="New York" State="NY" Zip="10011" Country="U.S.A." Phone="800-555-6880" FAX="212-555-7286" Preferred="TRUE"/><ROW VendorNo="4652" VendorName="Aqua Research Corp." Address1="P.O. Box 998" City="Cornish" State="NH" Zip="03745" Country="U.S.A." Phone="603-555-2254" Preferred="TRUE"/><ROW VendorNo="4655" VendorName="B&amp;K Undersea Photo" Address1="116 W 7th Street" City="New York" State="NY" Zip="10011" Country="U.S.A." Phone="800-555-5662" FAX="212-555-7474" Preferred="FALSE"/><ROW VendorNo="4681" VendorName="Diving International Unlimited" Address1="1148 David Drive" City="San Diego" State="DA" Zip="92102" Country="U.S.A." Phone="800-555-8439" Preferred="TRUE"/><ROW VendorNo="4682" VendorName="Nautical Compressors" Address1="65 NW 167 Street" City="Miami" State="FL" Zip="33015" Country="U.S.A." Phone="305-555-5554" FAX="305-555-0268" Preferred="TRUE"/><ROW VendorNo="5385" VendorName="Glen Specialties, Inc." Address1="17663 Campbell Lane" City="Huntington Beach" State="CA" Zip="92647" Country="U.S.A." Phone="714-555-5100" FAX="714-555-6539" Preferred="TRUE"/><ROW VendorNo="5641" VendorName="Dive Time" Address1="20 Miramar Ave" City="Long Beach" State="CA" Zip="90815" Country="U.S.A." Phone="213-555-3708" FAX="213-555-1390" Preferred="TRUE"/><ROW VendorNo="6415" VendorName="Undersea Systems, Inc." Address1="18112 Gotham Street" City="Huntington Beach" State="CA" Zip="92648" Country="U.S.A." Phone="800-555-3483" Preferred="TRUE"/><ROW VendorNo="6451" VendorName="Felix Diving" Address1="310 S Michigan Ave" City="Chicago" State="IL" Zip="60607" Country="U.S.A." Phone="800-555-3549" FAX="312-555-1586" Preferred="FALSE"/><ROW VendorNo="6452" VendorName="Central Valley Skin Divers" Address1="160 Jameston Ave" City="Jamaica" State="NY" Zip="11432" Country="U.S.A." Phone="718-555-5772" Preferred="FALSE"/><ROW VendorNo="6481" VendorName="Parkway Dive Shop" Address1="241 Kelly Street" City="South Amboy" State="NJ" Zip="08879" Country="U.S.A." Phone="908-555-5300" Preferred="TRUE"/><ROW VendorNo="6482" VendorName="Marine Camera &amp; Dive" Address1="117 South Valley Rd" City="San Diego" State="CA" Zip="92121" Country="U.S.A." Phone="619-555-0604" FAX="619-555-6499" Preferred="TRUE"/><ROW VendorNo="6588" VendorName="Dive Canada" Address1="275 W Ninth Ave" City="Vancouver" State="British Columbia" Zip="V6K 1P9" Country="Canada" Phone="604-555-2681" FAX="604-555-3749" Preferred="TRUE"/><ROW VendorNo="7382" VendorName="Dive &amp; Surf" Address1="P.O. Box 20210" City="Indianapolis" State="IN" Zip="46208" Country="U.S.A." Phone="317-555-4523" Preferred="FALSE"/><ROW VendorNo="7685" VendorName="Fish Research Labs" Address1="29 Wilkins Rd Dept. SD" City="Los Banos" State="CA" Zip="93635" Country="U.S.A." Phone="209-555-3292" FAX="203-555-0416" Preferred="TRUE"/></ROWDATA></DATAPACKET>